sequence,stage,register,mode1_value,mode2_value,function,mode1_meaning,mode2_meaning,basis,flag,notes,sources
1,pre_spi,0x40,0x4207,0x4207,Run / configuration control,Set bit 14. Likely hold the pattern generator in its configuration/stop state.,Set bit 14. Likely hold the pattern generator in its configuration/stop state.,Sequence inference,Inference,0x4207 occurs in the SDK stop list. Bit 14 is the only difference from final 0x0207. Exact reset/run polarity is inferred from sequence.,"S, P"
2,pre_spi,0x41,0x0004,0x0004,Power control / inter-frame low power,Bit 4 = 0: automatically power down RF and baseband during frame NOP.,Bit 4 = 0: automatically power down RF and baseband during frame NOP.,Datasheet field + sequence,Partial definition,Initial power/control state. Remaining bits of 0x0004 are unmapped.,"I, S, P, S5"
3,pre_spi,0x09,0xE901,0xE901,Digital configuration / hold control,Set bit 15 while configuring. Specific block held/reset is unknown.,Set bit 15 while configuring. Specific block held/reset is unknown.,Sequence inference,Inference,Both E901 then 6901 occur in the SDK examples. The observed change is exactly bit 15. No field name establishes what that bit controls.,"S, P, G"
4,pre_spi,0x01,0x0000,0x0000,Digital function / data output selection,"Clear DS RAW, range FFT, Doppler FFT and Doppler-peak output flags.","Clear DS RAW, range FFT, Doppler FFT and Doppler-peak output flags.",SDK field,Partial definition,"An initialization state, not the final selected output. Other function bits also cleared.","H, R"
5,pre_spi,0x67,0x0000,0x0000,ADC reset / power-control state,Initial ADC/control state: all bits zero.,Initial ADC/control state: all bits zero.,SDK usage + sequence,Partial definition,Also zero in the SDK stop/low-power list. Specific ADC-control fields are unknown.,"A, S"
6,pre_spi,0x72,0x0650,0x0650,TX calibration / power-profile control,Write TX-related setup/power value 0x0650.,Write TX-related setup/power value 0x0650.,SDK usage + sequence,Partial definition,SDK explicitly associates this register with TX calibration and uses 0650/0653 in low/normal-power lists. TX power in dBm and individual enable meanings are not exposed.,"G, S"
7,pre_spi,0x42,0x0003,0x0003,Total chirp duration (high word),"Write upper count bits. Pair 0x42/0x43 = 226,000 counts. Candidate duration 1130 us at 200 counts/us.","Write upper count bits. Pair 0x42/0x43 = 240,000 counts. Candidate duration 1200 us at 200 counts/us.",Pattern inference,Inference,"T0 + T1 + T2 + T3 equals the total exactly in both LD profiles and the EVB example. Stage order follows the GUI waveform model. The 12-bit high-count packing is inferred by analogy with 0x47. The 200 counts/us conversion is a hypothesis from the SDK's 410*200 scaling, not a documented timer clock. RAM total at that scale is 1200 us, agreeing within 0.013% with measured SPI chirp spacing 1199.844 us.","P, G, U, C"
8,pre_spi,0x43,0x72D0,0xA980,Total chirp duration (low word),"Write lower 16 count bits. Pair 0x42/0x43 = 226,000 counts. Candidate duration 1130 us at 200 counts/us.","Write lower 16 count bits. Pair 0x42/0x43 = 240,000 counts. Candidate duration 1200 us at 200 counts/us.",Pattern inference,Inference,"T0 + T1 + T2 + T3 equals the total exactly in both LD profiles and the EVB example. Stage order follows the GUI waveform model. The 12-bit high-count packing is inferred by analogy with 0x47. The 200 counts/us conversion is a hypothesis from the SDK's 410*200 scaling, not a documented timer clock. RAM total at that scale is 1200 us, agreeing within 0.013% with measured SPI chirp spacing 1199.844 us.","P, G, U, C"
9,pre_spi,0x44,0x0020,0x0040,Candidate chirps per frame / pattern control,Candidate low-byte chirp count = 32. Upper byte = 0x00.,Candidate low-byte chirp count = 64. Upper byte = 0x00.,Pattern inference,Uncertain field,"LD values 32 and 64 are plausible chirp counts. Calibration also uses 0020. EVB example uses 7C40, suggesting additional packed fields. No accessor identifies this field. Do not replace the incompatible reg 0D accessor with this guess as a fact. Capture chirp indices 0..63 support the RAM candidate count of 64.","P, G, U, C"
10,pre_spi,0x45,0x0000,0x0000,T0: startup / preparation (high word),"Write upper count bits. Pair 0x45/0x46 = 4,000 counts. Candidate duration 20 us at 200 counts/us.","Write upper count bits. Pair 0x45/0x46 = 4,000 counts. Candidate duration 20 us at 200 counts/us.",Pattern inference,Inference,"T0 + T1 + T2 + T3 equals the total exactly in both LD profiles and the EVB example. Stage order follows the GUI waveform model. The 12-bit high-count packing is inferred by analogy with 0x47. The 200 counts/us conversion is a hypothesis from the SDK's 410*200 scaling, not a documented timer clock.","P, G, U"
11,pre_spi,0x46,0x0FA0,0x0FA0,T0: startup / preparation (low word),"Write lower 16 count bits. Pair 0x45/0x46 = 4,000 counts. Candidate duration 20 us at 200 counts/us.","Write lower 16 count bits. Pair 0x45/0x46 = 4,000 counts. Candidate duration 20 us at 200 counts/us.",Pattern inference,Inference,"T0 + T1 + T2 + T3 equals the total exactly in both LD profiles and the EVB example. Stage order follows the GUI waveform model. The 12-bit high-count packing is inferred by analogy with 0x47. The 200 counts/us conversion is a hypothesis from the SDK's 410*200 scaling, not a documented timer clock.","P, G, U"
12,pre_spi,0x47,0x1000,0x1001,T1: rising sweep (high word),"Write upper count bits. Pair 0x47/0x48 = 42,000 counts. Candidate duration 210 us at 200 counts/us.","Write upper count bits. Pair 0x47/0x48 = 84,000 counts. Candidate duration 420 us at 200 counts/us.",SDK packing + pattern inference,Inference,"T0 + T1 + T2 + T3 equals the total exactly in both LD profiles and the EVB example. Stage order follows the GUI waveform model. SDK directly packs this pair as T_FSM01, masking the high word to 12 bits. Upper nibble (1 or 2) is excluded from the count and remains unmapped. The 200 counts/us conversion is a hypothesis from the SDK's 410*200 scaling, not a documented timer clock.","P, G, U"
13,pre_spi,0x48,0xA410,0x4820,T1: rising sweep (low word),"Write lower 16 count bits. Pair 0x47/0x48 = 42,000 counts. Candidate duration 210 us at 200 counts/us.","Write lower 16 count bits. Pair 0x47/0x48 = 84,000 counts. Candidate duration 420 us at 200 counts/us.",SDK packing + pattern inference,Inference,"T0 + T1 + T2 + T3 equals the total exactly in both LD profiles and the EVB example. Stage order follows the GUI waveform model. SDK directly packs this pair as T_FSM01, masking the high word to 12 bits. The 200 counts/us conversion is a hypothesis from the SDK's 410*200 scaling, not a documented timer clock.","P, G, U"
14,pre_spi,0x49,0x2000,0x2001,T2: falling sweep (high word),"Write upper count bits. Pair 0x49/0x4A = 11,000 counts. Candidate duration 55 us at 200 counts/us.","Write upper count bits. Pair 0x49/0x4A = 84,000 counts. Candidate duration 420 us at 200 counts/us.",Pattern inference,Inference,"T0 + T1 + T2 + T3 equals the total exactly in both LD profiles and the EVB example. Stage order follows the GUI waveform model. The 12-bit high-count packing is inferred by analogy with 0x47. Upper nibble (1 or 2) is excluded from the count and remains unmapped. The 200 counts/us conversion is a hypothesis from the SDK's 410*200 scaling, not a documented timer clock.","P, G, U"
15,pre_spi,0x4A,0x2AF8,0x4820,T2: falling sweep (low word),"Write lower 16 count bits. Pair 0x49/0x4A = 11,000 counts. Candidate duration 55 us at 200 counts/us.","Write lower 16 count bits. Pair 0x49/0x4A = 84,000 counts. Candidate duration 420 us at 200 counts/us.",Pattern inference,Inference,"T0 + T1 + T2 + T3 equals the total exactly in both LD profiles and the EVB example. Stage order follows the GUI waveform model. The 12-bit high-count packing is inferred by analogy with 0x47. The 200 counts/us conversion is a hypothesis from the SDK's 410*200 scaling, not a documented timer clock.","P, G, U"
16,pre_spi,0x4B,0x0002,0x0001,T3: stopped / idle (high word),"Write upper count bits. Pair 0x4B/0x4C = 169,000 counts. Candidate duration 845 us at 200 counts/us.","Write upper count bits. Pair 0x4B/0x4C = 68,000 counts. Candidate duration 340 us at 200 counts/us.",Pattern inference,Inference,"T0 + T1 + T2 + T3 equals the total exactly in both LD profiles and the EVB example. Stage order follows the GUI waveform model. The 12-bit high-count packing is inferred by analogy with 0x47. The 200 counts/us conversion is a hypothesis from the SDK's 410*200 scaling, not a documented timer clock.","P, G, U"
17,pre_spi,0x4C,0x9428,0x09A0,T3: stopped / idle (low word),"Write lower 16 count bits. Pair 0x4B/0x4C = 169,000 counts. Candidate duration 845 us at 200 counts/us.","Write lower 16 count bits. Pair 0x4B/0x4C = 68,000 counts. Candidate duration 340 us at 200 counts/us.",Pattern inference,Inference,"T0 + T1 + T2 + T3 equals the total exactly in both LD profiles and the EVB example. Stage order follows the GUI waveform model. The 12-bit high-count packing is inferred by analogy with 0x47. The 200 counts/us conversion is a hypothesis from the SDK's 410*200 scaling, not a documented timer clock.","P, G, U"
18,pre_spi,0x4D,0x0000,0x0000,Candidate frame-sequencer parameter,Candidate pair 0x4D/0x4E = 1.,Candidate pair 0x4D/0x4E = 1.,Pattern inference,Uncertain field,"Adjacent to the inferred chirp timers. Could hold frame timing, prescaler or repetition control. Full 32-bit pairing and precise role are not established. Pair value 1 makes a divider/repeat/control interpretation at least as plausible as a duration.","P, U"
19,pre_spi,0x4E,0x0001,0x0001,Candidate frame-sequencer parameter,Candidate pair 0x4D/0x4E = 1.,Candidate pair 0x4D/0x4E = 1.,Pattern inference,Uncertain field,"Adjacent to the inferred chirp timers. Could hold frame timing, prescaler or repetition control. Full 32-bit pairing and precise role are not established. Pair value 1 makes a divider/repeat/control interpretation at least as plausible as a duration.","P, U"
20,pre_spi,0x4F,0x0000,0x0006,Candidate frame-sequencer parameter,"Candidate paired count = 20,000. If timed at 200 counts/us: 100 us.","Candidate paired count = 440,000. If timed at 200 counts/us: 2200 us.",Pattern inference,Uncertain field,"Adjacent to the inferred chirp timers. Could hold frame timing, prescaler or repetition control. Full 32-bit pairing and precise role are not established. GUI names T_PRE and T_NOP, but no source maps either name to this address pair.","P, U"
21,pre_spi,0x50,0x4E20,0xB6C0,Candidate frame-sequencer parameter,"Candidate paired count = 20,000. If timed at 200 counts/us: 100 us.","Candidate paired count = 440,000. If timed at 200 counts/us: 2200 us.",Pattern inference,Uncertain field,"Adjacent to the inferred chirp timers. Could hold frame timing, prescaler or repetition control. Full 32-bit pairing and precise role are not established. GUI names T_PRE and T_NOP, but no source maps either name to this address pair.","P, U"
22,pre_spi,0x51,0x0030,0x001E,Candidate frame-sequencer parameter,"Candidate paired count = 3,200,000. If timed at 200 counts/us: 16000 us.","Candidate paired count = 2,000,000. If timed at 200 counts/us: 10000 us.",Pattern inference,Uncertain field,"Adjacent to the inferred chirp timers. Could hold frame timing, prescaler or repetition control. Full 32-bit pairing and precise role are not established. GUI names T_PRE and T_NOP, but no source maps either name to this address pair.","P, U"
23,pre_spi,0x52,0xD400,0x8480,Candidate frame-sequencer parameter,"Candidate paired count = 3,200,000. If timed at 200 counts/us: 16000 us.","Candidate paired count = 2,000,000. If timed at 200 counts/us: 10000 us.",Pattern inference,Uncertain field,"Adjacent to the inferred chirp timers. Could hold frame timing, prescaler or repetition control. Full 32-bit pairing and precise role are not established. GUI names T_PRE and T_NOP, but no source maps either name to this address pair.","P, U"
24,pre_spi,0x53,0x0A02,0x0A02,Candidate waveform frequency / PLL parameter,Write one part of candidate waveform/frequency code 0x0A02AAAB.,Write one part of candidate waveform/frequency code 0x0A02AAAB.,Pattern inference,Uncertain field,"Immediately precedes the known frequency-step pairs. Fraction-like AAAB and EVB values ending 5556 suggest a fixed-point synthesizer parameter. Pairing, scaling, reference divider and actual RF frequency are unknown.","P, G, U"
25,pre_spi,0x54,0xAAAB,0xAAAB,Candidate waveform frequency / PLL parameter,Write one part of candidate waveform/frequency code 0x0A02AAAB.,Write one part of candidate waveform/frequency code 0x0A02AAAB.,Pattern inference,Uncertain field,"Immediately precedes the known frequency-step pairs. Fraction-like AAAB and EVB values ending 5556 suggest a fixed-point synthesizer parameter. Pairing, scaling, reference divider and actual RF frequency are unknown.","P, G, U"
26,pre_spi,0x55,0x0000,0x0000,Rising sweep step word,"Write high 16 bits. Combined word 0x00000023, unsigned step 35.","Write high 16 bits. Combined word 0x00000011, unsigned step 17.",SDK packing + pattern inference,Partial definition,SDK packs these pairs as Step01/Step10. No reliable conversion to Hz is supplied.,"G, P"
27,pre_spi,0x56,0x0023,0x0011,Rising sweep step word,"Write low 16 bits. Combined word 0x00000023, unsigned step 35.","Write low 16 bits. Combined word 0x00000011, unsigned step 17.",SDK packing + pattern inference,Partial definition,SDK packs these pairs as Step01/Step10. No reliable conversion to Hz is supplied.,"G, P"
28,pre_spi,0x57,0xFFFF,0xFFFF,Falling sweep step word,"Write high 16 bits. Combined word 0xFFFFFF78, candidate signed step -136.","Write high 16 bits. Combined word 0xFFFFFFEF, candidate signed step -17.",SDK packing + pattern inference,Partial definition,"SDK packs these pairs as Step01/Step10. No reliable conversion to Hz is supplied. Negative interpretation assumes two's complement. Mode 1 down/up magnitude ratio 136/35 closely follows T1/T2 = 42000/11000. Mode 2 is symmetric (17 and -17, equal times).","G, P"
29,pre_spi,0x58,0xFF78,0xFFEF,Falling sweep step word,"Write low 16 bits. Combined word 0xFFFFFF78, candidate signed step -136.","Write low 16 bits. Combined word 0xFFFFFFEF, candidate signed step -17.",SDK packing + pattern inference,Partial definition,"SDK packs these pairs as Step01/Step10. No reliable conversion to Hz is supplied. Negative interpretation assumes two's complement. Mode 1 down/up magnitude ratio 136/35 closely follows T1/T2 = 42000/11000. Mode 2 is symmetric (17 and -17, equal times).","G, P"
30,pre_spi,0x59,0x0000,0x0000,Candidate additional waveform step/control,Write zero in both words immediately following Step01 and Step10.,Write zero in both words immediately following Step01 and Step10.,Pattern inference,Uncertain field,"Could be another step, offset or waveform-control parameter. A third zero step is consistent with a held-frequency phase, but no code names these addresses.","P, G"
31,pre_spi,0x5A,0x0000,0x0000,Candidate additional waveform step/control,Write zero in both words immediately following Step01 and Step10.,Write zero in both words immediately following Step01 and Step10.,Pattern inference,Uncertain field,"Could be another step, offset or waveform-control parameter. A third zero step is consistent with a held-frequency phase, but no code names these addresses.","P, G"
32,pre_spi,0x5B,0x0022,0x0022,Candidate waveform / analog trim control,Write packed setting 0x0022. Individual fields unknown.,Write packed setting 0x0022. Individual fields unknown.,Pattern inference,Uncertain field,"At the end of the waveform block and before receiver controls. 5B/5C also occur in the calibration replacement list. Could be PLL or analog settings. No specific gain, filter or divider can be assigned.","P, G"
33,pre_spi,0x5C,0x0022,0x0022,Candidate waveform / analog trim control,Write packed setting 0x0022. Individual fields unknown.,Write packed setting 0x0022. Individual fields unknown.,Pattern inference,Uncertain field,"At the end of the waveform block and before receiver controls. 5B/5C also occur in the calibration replacement list. Could be PLL or analog settings. No specific gain, filter or divider can be assigned.","P, G"
34,pre_spi,0x5D,0x1919,0x1919,Candidate waveform / analog trim control,Write packed setting 0x1919. Individual fields unknown.,Write packed setting 0x1919. Individual fields unknown.,Pattern inference,Uncertain field,"At the end of the waveform block and before receiver controls. 5B/5C also occur in the calibration replacement list. Could be PLL or analog settings. No specific gain, filter or divider can be assigned.","P, G"
35,pre_spi,0x5E,0xFF00,0xFF00,Candidate waveform / analog trim control,Write packed setting 0xFF00. Individual fields unknown.,Write packed setting 0xFF00. Individual fields unknown.,Pattern inference,Uncertain field,"At the end of the waveform block and before receiver controls. 5B/5C also occur in the calibration replacement list. Could be PLL or analog settings. No specific gain, filter or divider can be assigned.","P, G"
36,pre_spi,0x61,0x0021,0x0021,Candidate RX I/Q baseband trim,Write identical 0x0021 settings to four consecutive registers.,Write identical 0x0021 settings to four consecutive registers.,Pattern inference,Uncertain field,"Four registers are compatible with I/Q controls for two RX paths. SDK has IVCM calibration variables, but never connects them to these addresses. Channel assignment and common-mode/gain interpretation remain guesses.","P, G, H"
37,pre_spi,0x62,0x0021,0x0021,Candidate RX I/Q baseband trim,Write identical 0x0021 settings to four consecutive registers.,Write identical 0x0021 settings to four consecutive registers.,Pattern inference,Uncertain field,"Four registers are compatible with I/Q controls for two RX paths. SDK has IVCM calibration variables, but never connects them to these addresses. Channel assignment and common-mode/gain interpretation remain guesses.","P, G, H"
38,pre_spi,0x63,0x0021,0x0021,Candidate RX I/Q baseband trim,Write identical 0x0021 settings to four consecutive registers.,Write identical 0x0021 settings to four consecutive registers.,Pattern inference,Uncertain field,"Four registers are compatible with I/Q controls for two RX paths. SDK has IVCM calibration variables, but never connects them to these addresses. Channel assignment and common-mode/gain interpretation remain guesses.","P, G, H"
39,pre_spi,0x64,0x0021,0x0021,Candidate RX I/Q baseband trim,Write identical 0x0021 settings to four consecutive registers.,Write identical 0x0021 settings to four consecutive registers.,Pattern inference,Uncertain field,"Four registers are compatible with I/Q controls for two RX paths. SDK has IVCM calibration variables, but never connects them to these addresses. Channel assignment and common-mode/gain interpretation remain guesses.","P, G, H"
40,pre_spi,0x6E,0xC3FC,0xC3FC,LNA receiver enable / gain control,Bits 15:14 = 3. Both LNA receiver-select masks are set in SDK helper.,Bits 15:14 = 3. Both LNA receiver-select masks are set in SDK helper.,SDK field + usage,Partial definition,SDK comments link this register to RX gain calibration. Other C3FC bits are not mapped to gain in dB. Receiver selection can also be supplied by reg 66.,"H, R, G"
41,pre_spi,0x66,0x0F00,0x0F00,LPF receiver-channel enable,Upper enable nibble = 0xF. SDK RX1 mask 0xA and RX2 mask 0x5 both nonzero.,Upper enable nibble = 0xF. SDK RX1 mask 0xA and RX2 mask 0x5 both nonzero.,SDK field,Partial definition,"With reg 6E=C3FC and reg 01 auto-mask clear, SDK selection returns both receivers. Does not establish LPF gain/cutoff or prove both physical data lanes were captured.","H, R"
42,pre_spi,0x6C,0x9990,0x9990,TX calibration / power-profile setting,Write TX-related calibration/power code 0x9990.,Write TX-related calibration/power code 0x9990.,SDK usage,Partial definition,SDK explicitly identifies 6C and 6D as updated by TX calibration and changes them in power profiles. No conversion to TX dBm or per-field meaning is available.,"G, S"
43,pre_spi,0x6D,0x9580,0x9580,TX calibration / power-profile setting,Write TX-related calibration/power code 0x9580.,Write TX-related calibration/power code 0x9580.,SDK usage,Partial definition,SDK explicitly identifies 6C and 6D as updated by TX calibration and changes them in power profiles. No conversion to TX dBm or per-field meaning is available.,"G, S"
44,pre_spi,0x70,0x26A0,0x26A0,Analog power-profile setting,Write 0x26A0 to a register the SDK changes between low and normal power.,Write 0x26A0 to a register the SDK changes between low and normal power.,SDK usage,Partial definition,SDK uses 1020 in low power and 32A0 in normal power. LD value differs from both. This supports a power/bias role without identifying the fields or proving an incompatible setting.,"S, P"
45,pre_spi,0x76,0x0021,0x0021,Unmapped register,Write 0x0021. Function and fields not identified.,Write 0x0021. Function and fields not identified.,Unmapped,Unmapped,Exact 0021 occurs in the EVB example. No register name or field definition found. Value equality alone supplies no functional meaning.,P
46,pre_spi,0x02,0x003C,0x103C,Candidate RAW sample offset / decimation,Candidate sample offset = 60. Bits 13:12 = 0; possible sampling-interval code.,Candidate sample offset = 60. Bits 13:12 = 1; possible sampling-interval code.,Pattern inference,Uncertain field,"LD low bits are 60, matching GUI default RAW offset and reg 0B low bits. EVB lists likewise pair 02=000D/0032 with 0B ending 000D/0032. Gain calibration zeros the low bits of both. If code 0/1 means interval 1/2, it follows doubled T1. Neither field is explicitly defined.","P, G, U"
47,pre_spi,0x04,0x030C,0x030C,DS RAW point count / peak-data size,Bits 10:8 = 3: 512 complex RAW samples. Low 5 bits = 12: SDK peak-data size 48 bytes.,Bits 10:8 = 3: 512 complex RAW samples. Low 5 bits = 12: SDK peak-data size 48 bytes.,SDK field,Partial definition,"512 I/Q pairs agrees with captures. Peak output is not selected by final reg 01, so its size is inactive for DS RAW. Remaining bits are not decoded.","H, R, C"
48,pre_spi,0x09,0x6901,0x6901,Digital configuration / hold control,Clear bit 15 relative to boot E901. Likely release a digital hold/reset.,Clear bit 15 relative to boot E901. Likely release a digital hold/reset.,Sequence inference,Inference,Both E901 then 6901 occur in the SDK examples. The observed change is exactly bit 15. No field name establishes what that bit controls.,"S, P, G"
49,pre_spi,0x0A,0x0200,0x4200,FFT settings,Write FFT-setting code 0x0200.,Write FFT-setting code 0x4200.,SDK register name,Partial definition,"SDK names the address but supplies no FFT-setting masks. The profiles differ only at bit 14. Output flags select DS RAW, but unknown FFT fields cannot be assumed irrelevant to every internal operation.","H, P, G"
50,pre_spi,0x0B,0xC03C,0xC03C,Candidate shared sample/FFT offset control,"Candidate low-10-bit offset = 60. Upper field = 0xC000, unmapped.","Candidate low-10-bit offset = 60. Upper field = 0xC000, unmapped.",Pattern inference,Uncertain field,"Low offset tracks reg 02 in LD and all inspected EVB configurations, and both become zero in calibration. Might be an FFT window offset or another sample-selection offset. Do not equate the two functions solely from matching values.","P, G, U"
51,pre_spi,0x05,0x0010,0x0010,FFT / Doppler output count,SDK FFT-point accessor returns 16. Doppler data-count accessor also returns 16 if ROI mode is off.,SDK FFT-point accessor returns 16. Doppler data-count accessor also returns 16 if ROI mode is off.,SDK field,Conditional / ambiguous,"ROI register 32 is unwritten, so its state is unknown. GUI distinguishes FFT calculation size (64/128/256) from output count. Treat 16 as an output-count lead, not a 16-point FFT computation claim. FFT output is not selected.","H, R, U"
52,pre_spi,0x06,0x0122,0x0122,Receiver data merge control,Bit 13 = 0: RX merge flag is off under the SDK interpretation.,Bit 13 = 0: RX merge flag is off under the SDK interpretation.,SDK field,Partial definition,Consistent with separate receiver streams. Other 0122 bits remain unknown. A single captured lane does not establish that the other receiver is disabled.,"H, D"
53,pre_spi,0x07,0x01B2,0x01B2,Candidate digital data-processing control,"Write 0x01B2, exactly matching the EVB example.","Write 0x01B2, exactly matching the EVB example.",Pattern inference,Uncertain field,Between known digital controls 06 and 0A in both lists. Likely part of digital processing/output configuration. No bit meanings found.,"P, H"
54,pre_spi,0x08,0x001C,0x001C,Candidate digital data-processing control,"Write 0x001C, exactly matching the EVB example.","Write 0x001C, exactly matching the EVB example.",Pattern inference,Uncertain field,Between known digital controls 06 and 0A in both lists. Likely part of digital processing/output configuration. No bit meanings found.,"P, H"
55,pre_spi,0x0D,0x2000,0x1000,SDK pattern / Doppler chirp count,SDK frame-chirp accessor (value & 0x01FF) returns 0. Upper byte is 32.,SDK frame-chirp accessor (value & 0x01FF) returns 0. Upper byte is 16.,SDK field (mismatch),Incompatibility,"Zero does not describe observed nonzero chirp-indexed DS RAW frames. Could be an inactive FFT count, a changed field location or a variant mismatch. SDK section is labeled banyanET. Cannot transfer this count interpretation directly.","H, R, P"
56,pre_spi,0x0E,0x2000,0x4000,Candidate digital chirp/window control,"Upper byte = 32, lower byte = 0. Could hold a packed count or mode.","Upper byte = 64, lower byte = 0. Could hold a packed count or mode.",Pattern inference,Uncertain field,"Neighbour of SDK chirp-count register 0D. Values 32/64 mirror candidate frame counts in 44, but this does not identify the field. EVB default writes zero here.","P, H"
57,pre_spi,0x14,0x5A03,0x5A03,Unmapped digital setting,Write 0x5A03. Function and fields not identified.,Write 0x5A03. Function and fields not identified.,Unmapped,Unmapped,"Not written in the inspected EVB default list. Register location alone suggests a digital setting, but not its function. Absence is a coverage gap, not proof of chip incompatibility.",P
58,pre_spi,0x15,0x1708,0x1708,Unmapped digital setting,Write 0x1708. Function and fields not identified.,Write 0x1708. Function and fields not identified.,Unmapped,Unmapped,"Not written in the inspected EVB default list. Register location alone suggests a digital setting, but not its function. Absence is a coverage gap, not proof of chip incompatibility.",P
59,pre_spi,0x17,0x0210,0x0210,Unmapped digital setting,Write 0x0210. Function and fields not identified.,Write 0x0210. Function and fields not identified.,Unmapped,Unmapped,"Not written in the inspected EVB default list. Register location alone suggests a digital setting, but not its function. Absence is a coverage gap, not proof of chip incompatibility.",P
60,pre_spi,0x20,0x0000,0x0000,Candidate coefficient / threshold table,Write table-like word 0x0000 (0).,Write table-like word 0x0000 (0).,Pattern inference,Uncertain field,"LD writes a contiguous 16-word block: three zeros, then decreasing values ending in a repeated plateau. Shape suggests coefficients or thresholds. No evidence chooses a filter, window, calibration curve or detector threshold. These addresses are absent from the EVB default list.",P
61,pre_spi,0x21,0x0000,0x0000,Candidate coefficient / threshold table,Write table-like word 0x0000 (0).,Write table-like word 0x0000 (0).,Pattern inference,Uncertain field,"LD writes a contiguous 16-word block: three zeros, then decreasing values ending in a repeated plateau. Shape suggests coefficients or thresholds. No evidence chooses a filter, window, calibration curve or detector threshold. These addresses are absent from the EVB default list.",P
62,pre_spi,0x22,0x0000,0x0000,Candidate coefficient / threshold table,Write table-like word 0x0000 (0).,Write table-like word 0x0000 (0).,Pattern inference,Uncertain field,"LD writes a contiguous 16-word block: three zeros, then decreasing values ending in a repeated plateau. Shape suggests coefficients or thresholds. No evidence chooses a filter, window, calibration curve or detector threshold. These addresses are absent from the EVB default list.",P
63,pre_spi,0x23,0x1DDC,0x1DDC,Candidate coefficient / threshold table,Write table-like word 0x1DDC (7644).,Write table-like word 0x1DDC (7644).,Pattern inference,Uncertain field,"LD writes a contiguous 16-word block: three zeros, then decreasing values ending in a repeated plateau. Shape suggests coefficients or thresholds. No evidence chooses a filter, window, calibration curve or detector threshold. These addresses are absent from the EVB default list.",P
64,pre_spi,0x24,0x1D5E,0x1D5E,Candidate coefficient / threshold table,Write table-like word 0x1D5E (7518).,Write table-like word 0x1D5E (7518).,Pattern inference,Uncertain field,"LD writes a contiguous 16-word block: three zeros, then decreasing values ending in a repeated plateau. Shape suggests coefficients or thresholds. No evidence chooses a filter, window, calibration curve or detector threshold. These addresses are absent from the EVB default list.",P
65,pre_spi,0x25,0x1CE2,0x1CE2,Candidate coefficient / threshold table,Write table-like word 0x1CE2 (7394).,Write table-like word 0x1CE2 (7394).,Pattern inference,Uncertain field,"LD writes a contiguous 16-word block: three zeros, then decreasing values ending in a repeated plateau. Shape suggests coefficients or thresholds. No evidence chooses a filter, window, calibration curve or detector threshold. These addresses are absent from the EVB default list.",P
66,pre_spi,0x26,0x1C64,0x1C64,Candidate coefficient / threshold table,Write table-like word 0x1C64 (7268).,Write table-like word 0x1C64 (7268).,Pattern inference,Uncertain field,"LD writes a contiguous 16-word block: three zeros, then decreasing values ending in a repeated plateau. Shape suggests coefficients or thresholds. No evidence chooses a filter, window, calibration curve or detector threshold. These addresses are absent from the EVB default list.",P
67,pre_spi,0x27,0x17D0,0x17D0,Candidate coefficient / threshold table,Write table-like word 0x17D0 (6096).,Write table-like word 0x17D0 (6096).,Pattern inference,Uncertain field,"LD writes a contiguous 16-word block: three zeros, then decreasing values ending in a repeated plateau. Shape suggests coefficients or thresholds. No evidence chooses a filter, window, calibration curve or detector threshold. These addresses are absent from the EVB default list.",P
68,pre_spi,0x28,0x16D4,0x16D4,Candidate coefficient / threshold table,Write table-like word 0x16D4 (5844).,Write table-like word 0x16D4 (5844).,Pattern inference,Uncertain field,"LD writes a contiguous 16-word block: three zeros, then decreasing values ending in a repeated plateau. Shape suggests coefficients or thresholds. No evidence chooses a filter, window, calibration curve or detector threshold. These addresses are absent from the EVB default list.",P
69,pre_spi,0x29,0x15DC,0x15DC,Candidate coefficient / threshold table,Write table-like word 0x15DC (5596).,Write table-like word 0x15DC (5596).,Pattern inference,Uncertain field,"LD writes a contiguous 16-word block: three zeros, then decreasing values ending in a repeated plateau. Shape suggests coefficients or thresholds. No evidence chooses a filter, window, calibration curve or detector threshold. These addresses are absent from the EVB default list.",P
70,pre_spi,0x2A,0x15DC,0x15DC,Candidate coefficient / threshold table,Write table-like word 0x15DC (5596).,Write table-like word 0x15DC (5596).,Pattern inference,Uncertain field,"LD writes a contiguous 16-word block: three zeros, then decreasing values ending in a repeated plateau. Shape suggests coefficients or thresholds. No evidence chooses a filter, window, calibration curve or detector threshold. These addresses are absent from the EVB default list.",P
71,pre_spi,0x2B,0x15DC,0x15DC,Candidate coefficient / threshold table,Write table-like word 0x15DC (5596).,Write table-like word 0x15DC (5596).,Pattern inference,Uncertain field,"LD writes a contiguous 16-word block: three zeros, then decreasing values ending in a repeated plateau. Shape suggests coefficients or thresholds. No evidence chooses a filter, window, calibration curve or detector threshold. These addresses are absent from the EVB default list.",P
72,pre_spi,0x2C,0x15DC,0x15DC,Candidate coefficient / threshold table,Write table-like word 0x15DC (5596).,Write table-like word 0x15DC (5596).,Pattern inference,Uncertain field,"LD writes a contiguous 16-word block: three zeros, then decreasing values ending in a repeated plateau. Shape suggests coefficients or thresholds. No evidence chooses a filter, window, calibration curve or detector threshold. These addresses are absent from the EVB default list.",P
73,pre_spi,0x2D,0x15DC,0x15DC,Candidate coefficient / threshold table,Write table-like word 0x15DC (5596).,Write table-like word 0x15DC (5596).,Pattern inference,Uncertain field,"LD writes a contiguous 16-word block: three zeros, then decreasing values ending in a repeated plateau. Shape suggests coefficients or thresholds. No evidence chooses a filter, window, calibration curve or detector threshold. These addresses are absent from the EVB default list.",P
74,pre_spi,0x2E,0x15DC,0x15DC,Candidate coefficient / threshold table,Write table-like word 0x15DC (5596).,Write table-like word 0x15DC (5596).,Pattern inference,Uncertain field,"LD writes a contiguous 16-word block: three zeros, then decreasing values ending in a repeated plateau. Shape suggests coefficients or thresholds. No evidence chooses a filter, window, calibration curve or detector threshold. These addresses are absent from the EVB default list.",P
75,pre_spi,0x2F,0x15DC,0x15DC,Candidate coefficient / threshold table,Write table-like word 0x15DC (5596).,Write table-like word 0x15DC (5596).,Pattern inference,Uncertain field,"LD writes a contiguous 16-word block: three zeros, then decreasing values ending in a repeated plateau. Shape suggests coefficients or thresholds. No evidence chooses a filter, window, calibration curve or detector threshold. These addresses are absent from the EVB default list.",P
76,post_spi,0x72,0x0653,0x0653,TX calibration / power-profile control,Set bits 1 and 0 relative to initial 0x0650. Likely enable a TX/RF operating state.,Set bits 1 and 0 relative to initial 0x0650. Likely enable a TX/RF operating state.,SDK usage + sequence,Partial definition,SDK explicitly associates this register with TX calibration and uses 0650/0653 in low/normal-power lists. TX power in dBm and individual enable meanings are not exposed.,"G, S"
77,post_spi,0x67,0x1E40,0x1E40,ADC reset / power-control state,"Write the SDK ADC-reset sequence's final value, 0x1E40.","Write the SDK ADC-reset sequence's final value, 0x1E40.",SDK usage + sequence,Partial definition,"SDK resets ADC during NOP by writing 1E00 then 1E40, toggling bit 6. LD2450 writes only the final value here. Reset polarity and the 0x1E00 fields are unknown.","A, S"
78,post_spi,0x01,0x8222,0x8222,Digital function / data output selection,"DS RAW enabled (bit 1). Range FFT (2), Doppler FFT (12) and peak (4) flags clear.","DS RAW enabled (bit 1). Range FFT (2), Doppler FFT (12) and peak (4) flags clear.",SDK field,Partial definition,"Matches captured DS RAW packets. Receiver auto-select mask 0x0180 is clear. Set bits 15, 9 and 5 are not explained by these output masks. FFT output off does not define every internal processing enable.","H, R, C"
79,post_spi,0x41,0xC844,0xC844,Power control / inter-frame low power,Bit 4 = 0: automatically power down RF and baseband during frame NOP.,Bit 4 = 0: automatically power down RF and baseband during frame NOP.,Datasheet field + sequence,Partial definition,"Running power/control state. C844 differs from calibration C864 by bit 5, whose function is not defined. Power-down permission does not prove actual NOP duration.","I, S, P, S5"
80,post_spi,0x40,0x0207,0x0207,Run / configuration control,Clear bit 14. Likely release the configured pattern generator and start acquisition.,Clear bit 14. Likely release the configured pattern generator and start acquisition.,Sequence inference,Inference,"Last write, after SPI receive setup. 0x0207 also ends the EVB start list. Other bits are not decoded.","S, P"
