offset_hex	text
00000010	AC635N
00000079	|rBLg
0000008f	hd{E'
00000195	^KKyI
000002b4	M;voCN
00000346	aMsN,
00000400	}?EDV
00000665	a/k)d
00000692	6iQIG+9|F
000006f2	}{'?sC
0000070b	nnH,4
0000092f	-B':7
000009d6	iRY&w
00000a62	{|cGP45
00000b92	|M\@:
00000c6d	P$'1n
00000cc4	!iKeZ(X
00000de8	Gz?"a
00000e07	cC|n5h
00000e3a	D~7,P
00000e42	;w1Co
00000fd2	_-rd_
0000115e	N\Jd8
000012cb	a[UVQ
000012ee	>6 Ac
00001317	_xf~InU;
0000133a	v9zw&
00001546	ouZ!Sq
0000166e	.ZjR]
000016aa	-fLc4
0000178a	+0IGZ/\
000017de	v)YEe
00001a14	9>a+VSy
00001b55	$@p@Nc
00001bb6	yGrN(
00001cd2	xcU>|
00001d4d	Yr$B6
00001dce	,7[}!T
00001fad	yEAgL[
000020af	2_3_0_0
000020d5	RESET
000020db	PB01_08_0
000020e5	UPDATE_JUMP
000020f6	EOFFSET
00002103	BT_OFFSET
00003016	}p\niyT`
00003198	:WgMb]G
000031b4	~7@AP!B
000031c7	S#;EWDh++
000031ed	Q0#'o
00003260	W+\<8n(
00003459	a25c'
000034d3	Yc3}r"
00003513	Iu;TN
00003593	]S/L=
00003905	1x:vQa
0000391b	yvzXZ
00003953	$Qb3n\R
00003c29	f`ltD$
00003c49	gamT&
00003c60	qix{\
00003c88	X t)-
00003ef4	#E%k60
00003f64	z^h:s\
000041d8	 kK7K
00004296	g!=QV
000042f0	P{\bG
000043b4	L u\c
00004467	RF.FM
000044ef	*n,X:F
000046c4	B;vYjS?
000046f7	8]A]kB
000047bc	7 I;40@
00004920	Z@\]zVIx63
00004a6d	XRGAi
00004b08	dKRNI
00004b48	dKRNH
00004b72	n6T(S
00004bac	kUn6v(
00004c00	O\.5G
00004c1c	8S"R2
00004e2f	~o]_u
00004e75	g|ZQH-
00004ea4	zVIxWSf 
00004f33	1*9G7
000050d4	TZMCt
00005254	YR>\k
00005302	>=jR*
000054ac	H3JN:
000056c4	>sJtJ
00005707	T[|W9t
00005954	MQ'u%X
000059a1	oNwjQ*
00005a29	P0 !B
00005a9e	VH1%>
00005c3c	UnM<4_
00005c62	fLj6*
00005e22	^aZ7:M
00005e2a	bHpBBN2
00005e8a	'iRoD
00005f5a	'VvpS_
00005f95	dB8F@
00006132	u/<]X
00006359	uKat-
000063c4	q6As+
000064a5	U-7M>d
0000663f	lwzv9
000067f9	TSpM<d
000068ac	l_oR\
00006917	bNt;`Ah
000069a2	%eBQi
00006a05	u#rD;
00006a2b	&e+yj>*
00006a93	aG`G_
00006bed	BNV$@
00006e0b	eRhk5
00006e8c	FmR0S
00006ef7	5fj*^zp<S
00006f49	+G~!-
00007037	bvYky\.
0000718f	F=6pk
000071f3	3(2Z7
000072f0	h0Dc@
0000736e	^6~jG;
000073da	ZI7JDI
0000761b	3OLGG
00007692	cWLE{
000076e1	oFWCR
000077cf	*aiVg
0000782c	H^@i3s
0000789d	ek."O
000078b7	6O^SM
0000790f	==6uz\hw7
0000793b	[@\kY^
00007a0c	q3bBu
00007ac5	 =Ji<
00007bea	&"K?-
00007bf1	kYj.i
00007c28	6"@j1
00007cbb	j-r6^
00007d06	hYWw1.
00007f54	6<Rq\
00007fa3	pZj>6
00007feb	%NW<7Z
00008145	 XGBp
00008178	7LXZce
000082ca	Jz?%WKh
0000836b	vp$ s
00008401	+&3>g
00008518	*xMIB
00008557	&h^A7
0000857c	/vKl'
0000864d	J0SF.(<
0000868d	{i&7I,
000086a1	s~uc:_
000086b6	95Uv\
00008be8	UkW?yw
00008c12	Q9l~C
00008c6d	UatZ 
00008cde	"A.'/
00009005	4,_INF=x
0000902a	l]E?,
00009034	B=Z\C
00009052	/^_TK
00009276	uokc}
000092e8	t^^9n
0000935e	M,he|
0000936b	-?;m\
000093aa	M9dp!
000093c5	;~k\?
000093f1	+i,Zp
00009523	bS-.}
000096b6	Yk.F9
000096c9	l8<01
000097a4	{wo\s
000097ef	w{Cky
0000981b	s$+"D
00009c00	scL<a
00009ceb	sJ_;L
00009d2b	[mQWDs
00009e46	n49Q ?
0000a0ab	u^,tUo
0000a160	t1h7D
0000a1f6	o~%(9n2
0000a46c	 cOv\_
0000a4ab	.I2WR
0000a50b	^CYd8
0000a541	q>QSZGq
0000aac8	%sEs3
0000abc6	KB+,c
0000ac1c	Td,f@
0000add9	Pifvf=
0000afc7	Hd>p9
0000b00a	pi!(g
0000b0ca	@!B]w
0000b1e9	&pu^f
0000b236	=z>A0
0000b3d7	cT(aMn
0000b439	GT[#qo
0000b477	N_H}O
0000b68a	[RVKL
0000b6a6	`b`BFA]
0000b6cf	voysf.
0000b9e7	rwu9t
0000bf7b	pAsPk(a
0000c00f	rV *uc
0000c027	nHoqZ
0000c1ad	&,:4h
0000c31e	sGvGN
0000c487	o}C1T
0000c4f8	W7GNK
0000c51e	X9'^.
0000c6d8	Mt#9=
0000c87e	ixnT*
0000cc61	M^UzS
0000cca8	'.Syt
0000ccc8	'.=YAj
0000cda8	7#!)0
0000ce16	36m{T|
0000cf3f	h}~^xX
0000cf5e	t7Gn.n>Q
0000cff8	<[tK{
0000d1b2	4&; 1
0000d22a	+D#VU
0000d26e	S&l?;
0000d4e9	w$vD=
0000d515	3*<N4
0000d57c	L2`J(
0000d606	pS(Ne
0000d618	HyZvd
0000d655	jWKOi
0000d70b	$:'<+$
0000d7b7	]KAJr
0000d9f7	m4#*v
0000dbcd	]rdJ<
0000dc5e	y^W/_
0000dd39	bGkw_
0000dd6e	z\fXKD
0000e0bf	_~_W|
0000e0f1	tr<jw
0000e3f8	UEQ#S)
0000e4de	'r1Yf
0000e524	x0G}Lmv
0000e6f8	hd!=9M
0000e768	nLshN
0000e7bb	Zdc6.
0000e84a	*v3L`
0000e92d	7MKIv29
0000e9df	Lw7N,y.
0000eab4	hD0e[f
0000eff9	X#)^?
0000f09d	/#S'+!
0000f1d0	<f`H>
0000f406	o7xs^
0000f4cb	K>Zor
0000f5e0	w7g)YJ
0000f7d6	I)re0
0000f879	8p bB
0000f897	k0e :KL
0000f8a2	aV9Nfh
0000f8c0	=J>hfX+
0000f9fd	Dk*v,
0000fb73	~$mRNf
0000fb88	Hi.?,
0000fbe5	RT]>8Y
0000fc9f	mWy^V8
0000fcfe	&\K;B
0000fe42	~LYXz
0000fe75	>d[4~r
0000feb7	Mab\H
00010042	.<W2-
000101d4	$DW~5
00010262	O*I-W
00010284	fXct0]
000102f7	A}OJk
00010305	S4,uj)
00010415	yg*WM
000105b6	olja0
000106ba	B 3rd
0001073e	])`u\
0001083f	gH|.j
0001086d	Li}"&
000108fb	}{s,x
00010ac3	~VXK5/
00010b36	fLt=4
00010b49	7},KSM
00011031	YS#'5
00011096	0w&=A
00011189	`e.^]T
000111b0	*Dhtp
00011232	!)#^Y
000112a3	\^lqH
00011309	6Cf>)
000113f4	>QKGj
0001143a	[ O2#
000114ff	K]N._
0001150e	$hN)f
00011540	x;~^fy
000116a0	7yaV=n
000117b2	N%z4K
00011891	)2eP7
000118c3	LYy?[{=I4
000119a9	6O`<9
00011a44	YyS>>
00011a76	AhC8VF#
00011acf	O]{56v
00011b3d	2fh_u
00011c7c	g?,'/I
00011c89	e*)Q\D+
00011dd8	tR(IK
00011df0	yq!VL>
00011e41	(GGVy5
00011e76	M,T+T+Y5
00011ef2	Z$9<0j
000120a3	V[lOC;[
000120ab	*_=xv
0001217e	LrM|~
00012245	#On|P!Ku
0001231c	pE(0E
0001268f	bc*.}1*
000126fb	c@"=N
00012724	(Eto(.e6
0001276d	a^R]7@
000128d6	<f2E>A
00012c49	b'*.\(1b
00012dae	/f=^B
00013119	.5tA"`j
0001317a	6T(;U
00013232	!/coo
00013385	l;cJ@
000134d5	sj-31
00013529	oT-{e
000136d2	S:N?yx,
00013717	dJl0s
00013888	d'0'f
0001393d	p?^_p_
00013a04	w<XZo
00013aa4	>8YXE
00013ade	ZVKF^^
00013af4	PQIa8
00013b8b	h#5/#G
00013ce8	@t0Yo
00013d03	s4}fX~uV
00013d41	`_l>|
00013fc0	@5cg=j
000143d7	E/_V>
000143de	tiw%S
00014405	]x)y'
00014470	pR_*#v!
000144db	U+c?j6
00014519	$kapt
00014529	&mmI'
000145f3	k;i{/
000146a9	GFd=rh
000147ef	uV/zv
0001482b	 au^G
00014892	KdqW!
00014951	yaVfHb
00014a10	e^3mE+t
00014c21	;3?$x1
00014dfb	8~I86
00014e17	2&rXH
00014f1a	-+8{B`
0001506e	BROJi
00015085	|Atk\
00015135	}q=j(
00015190	q>_]x
000151ef	CBneT
0001520e	=^eBw
0001529f	^?o> B
000152da	\5:9+
00015305	E2v/Kr
0001533b	XbU??
0001547b	hP`>?
0001569a	yyI<B
00015790	}a8']
000157ac	'-_:uP[
00015875	nwJ5]
000158b7	a& "s}
00015975	.iYY9e
00015b71	ktsl5
00015c96	6 5S'
00015d1c	.1?UxZ
00015d4c	)?zm+;W/\
00015e6c	J>f#,?
00015fbf	wK/?->a
0001605d	MeQu>
0001617b	?aY9MP
000161cb	i,Ydy
000162e7	T"C(P
00016499	2zo5J
00016525	+Cjzb
00016564	GL8MH
00016585	XBj{n
00016679	{q8X?3
000166e1	i-?}y9
00016789	2L8wJs
0001679a	4Jkl"G'
00016822	}>^y:
000168fc	yRsKN
0001693f	-jn/p
00016a29	1t0eBBQ
00016a42	^?Lm-
00016a89	1tab>~9
00016a98	nHlt1ggN
00016abe	Hmz`O
00016af3	#VLj!
00016c2a	g-L a
00016d1e	N]GW`
00017045	.\dG=
00017142	I|J_bnEy
00017169	Lc|q 1
0001726d	b]e>l
00017361	p??D;Ud
000173da	-EVXO
00017549	`lqrYP
000175c1	>WR>&
000177a2	/3>nb~
000178ca	Eigv%7
00017a7a	><(EI
00017bae	~aqx}
00017bdd	mH6p!
00017e6d	x\ /*
00017e84	O<I ,
00017ea2	> o|]
00017fbc	Im$yn
00018085	&,4V6
0001814e	/5vM:
0001854c	i&V4G
00018605	+}!8E
00018656	AtFuGAz
0001870f	(|]VX
000187fc	[OJ5n
00018a98	S#n]`u
00018c9c	5xURgw
00018e46	TiO+ 
00018e78	_5\Et
00018edc	0?S^GA
000190a0	4y@5~
00019274	>>kq|
00019458	?{`T&#
00019627	\4>{b';t
00019735	t$?i,
00019939	>`Li{
0001999d	Y7Pcl
000199d8	Uw7<y
00019aa7	,][A/
00019ada	,"X6aD&Y
00019ca0	"w?>'_H
00019d91	y/^V#
00019e4c	4h1cB8
0001a076	I(rl.
0001a080	{fY4A
0001a310	.i4=jg
0001a528	vyi6O
0001a538	!=fH9
0001a89f	"fy@5w
0001a8bd	YA)/_
0001a8d3	Q3p^*
0001a93f	yZ~?~
0001a9f9	rq'LX
0001aa95	v<IBr)-u=
0001ab03	v7OGC
0001ab50	%'W,}
0001ab67	jfX^/
0001abf5	taRdY2
0001ac26	<&y9>D
0001ae0f	JQU`o
0001ae4d	!C!`7"z
0001b09e	E^uy@
0001b130	>|0U*u)
0001b1a8	E`eaW
0001b216	d8`9l
0001b287	,EHoE
0001b348	P/REQ?
0001b4cb	\pn\@
0001b4e9	&AOow
0001b536	E(~[K#
0001b76a	iFcmL+
0001b792	v,]W{cU
0001bcc0	ZH?(-
0001bdb2	`T`el
0001bf3a	uHJ!#
0001bfdf	7x%?=
0001c052	QwNT{y<6Mq2hc
0001c0e1	$7z{~
0001c1c9	~`ByfO
0001c20c	iQxEu&
0001c796	Z7hB6
0001c892	{u=kd}
0001ca46	~G23+
0001cab1	M{qW}
0001cac5	tO+QC
0001cb5e	o+he 
0001cbd4	!)WQI
0001d0ac	o~=ns
0001d209	ujaAE
0001d391	i5".S~l
0001d560	W`;n<6
0001d590	Z}}/H{
0001d5f3	ch*J4h%
0001d65f	f? wN
0001d673	1U+w[
0001d7bd	RU^@5p
0001d872	@cpr\
0001d938	D\W1i;
0001d9ab	UYsv+
0001da11	w1iNnA`#
0001da2e	>+Zr"
0001db6d	i38<ycG
0001dbaa	Et#<^
0001dd11	o\m#b-
0001dd2d	Y}rt2
0001ddc5	32.V@j
0001e0b3	h<XR#"d-
0001e188	w[_Y{|
0001e1db	qqW]H%
0001e329	oAq%k
0001e3bd	d-zp5
0001e414	~I!sq~8
0001e4d8	O\bGM
0001e691	I]o51I
0001e707	Pf8O.\
0001e72b	/U)P-I4
0001e74b	+L][c
0001e9c4	x8&]R
0001ea59	bJu1@
0001eab4	W>~~1
0001ec60	_?~hC3
0001ed1c	zW]{T
0001ed38	}YO+k
0001eee3	h:&"nIWd
0001effb	9Sd~UM
0001f456	b;)PL
0001f4d0	B'mmI'
0001f5fd	2Fqm>
0001f667	@f{2p}p, 
0001f685	PvX$w4
0001f6bb	!`MaV
0001f962	wKRP-
0001f9a8	gNSR9
0001f9b5	].K !
0001fcd5	 cGAWK
0001ff57	&M8Bi,
000201ef	~xD^x
00020230	eGDa;T
0002038b	(\Ib5
000203f9	qqvdh4
0002052b	(I2&{9
00020590	rU+[`
00020648	okT]9
00020682	`TiG$
00020762	;h5:5
000207df	eH%5&
00020849	FsSa[
00020875	`Tp@"X0O
00020889	FKa6p
00020937	qqW^jc
00020a62	MhbP52
00020aa5	2$$CWa
00020ad7	U^sA;
00020b00	pU!E^
00020b86	E(H8>I?
00020c17	4mwEvRK
00020e02	tz^BN
00020ec3	\u2pM
00020fe9	e+3$\``.
0002108c	\yzuhu
00021162	nhbqh
00021341	_J:,e
000213f0	/`A|8
00021493	?`zM>
000215c4	]:"3Lt2
00021635	2bS97
00021696	;MF)Mb
000216cc	B,_1\Y
000219d6	|3e N
00021b9a	`*>*D
00021c12	Nh[}1w8
00021cf6	"#FG?
00021d2e	9K7O~
00021d9c	B|#Tg
00021da7	o^={T
00021e19	.{3#y.:
00021f29	hP.|Sf
00021f4f	w&&yPf
00022143	,b~dI:,
0002224b	RsSg#
000222c3	Nhv6l
00022341	zOhb~
000223fb	(|c=:x
00022587	yX{f"
000225e7	yX{6"D
00022686	TyXZ'
000226c6	VyXZG
00022726	&tHMK|
00022786	tM+PA
000227c6	Ih:)K
00022845	r#M7A,h
000229bd	1t8s!
00022ac3	>$z6y
00022af1	+Ej4M
00022b61	o?;Mzf
00022baf	g,p $&e
00022c62	?Z|{:]
00022cd4	`i:&/
00022e9e	7Qdvo
00022ee1	V;4Mz
00023041	-H8GZR
00023094	C2C.@
0002312f	WlSF%
0002316d	^PW5z7
000231bc	Oh*;:
0002320d	wjt)1
0002322b	(r%(X
000232cc	s9"M{
000232e2	Bg6Sz
000233aa	@34VpWR
00023594	qDHPC
0002378a	iszTZ,
000237f1	i~pW(
00023812	{OrF+
00023820	keClS7
0002390c	S[\GY\x 
00023bb5	hyeGe
00023d6d	xgs.Y2
00023e21	{z9_,
00023e27	ueuM&
00023e8f	bgmX2
00023ed5	.?<:6
00023f13	i@k~M6
00023f48	)apiwl@4
00023f67	pVedc`w
00023f87	pVedB
00023fa7	pVedB
00023fc7	`Vsf@v
00023fe7	`Vsf@v
0002404c	l}xI&
00024215	HMOHl4
0002426b	JTQt4
0002436d	RXJNEj;
000243ff	_}}O)
0002441f	lumoi
0002442c	x?zL/
000244ef	Xm~8Q
00024557	MP^~"
000245bb	WKNKO(
0002460a	N^CP{;
0002462a	B_Rx"
000246b3	mDznV
000246f8	{w5N5
000249fa	iwP~;y
00024aad	6DM&,
00024dc4	*E{V-;f
00024f44	bG;UU
000250bc	PaE3<
000251d0	2'GK!o
00025257	&@OV#
000256b4	Z+v I
00025805	dc:u@
0002584c	LcF8*
00025874	'@2 J
00025b74	|K564
00025bfe	s>@J}YM
00025c48	$q((5y
00025c68	sgw&rI.
00025ed1	k[zuC
00025f31	~itP}=
00025f6d	xabN 
00025f99	5dfht
00026110	VFWj9
00026235	vozzZ%
000262ce	zxs-RCi
00026399	shfqt
000263f4	UW1[|
00026418	addNG
0002645e	>Pr@|
0002650a	1o~XbyV/
0002654f	*7,`r\
00026577	bzBir|n
00026690	IovpTu`_)
00026771	sfaKZ
000267b6	C}rsN
000268b8	ajpie
00026934	O^XOo
000269ab	DP[K]E
000269d8	ZKjO=
00026ab2	|gsRR9
00026b17	hh8V4
00026b7a	~5nd^&
00026c53	ir|mBrX
00026d9a	z<$GK
00026dc9	KZZOpzphfA
00026de9	XUGAy=
00027064	g'jT(
000270a3	|psgR5
000270dc	LFQ9X3
000270f4	SQ_JRr4
00027124	/B|O4
0002712e	]KVYc>
00027164	fc|\/
0002718a	j>uM_
000271a3	D>*#_7
000271aa	(m=zsJ
000272e4	HN`[4
000272f9	rDxH:
00027322	}zzsw
00027420	=.GL@B\b9
0002745c	qjGF[j
00027472	KXTv1
000274a3	kaXmR
000274e4	N=.f=
00027522	Ckvfj
0002754e	Bsv@8
00027577	"9)!^F
000275e4	@N@zS
00027621	pbgmypC
000276a3	L@B\b9
000276af	iniUC
00027722	Ajcn.^
000277a3	KEB\`
00027805	s.om|T)
0002781d	]EgCQP\N*#146Ul
00027845	TJZP_c
00027851	e moT,
00027865	uko|aP)
00027885	kkr##^H
000278a3	Dph`rFzH
000278c5	SZCJVt;
000278e5	qcClcB
00027905	swl|)7v
00027922	QDpaiCwrjk
00027968	BZihsD)
00027985	X[L]RSj 
000279a3	IWFZYDPJk 
000279af	MK@JO[^j9
000279c5	Z4<BFF}
000279d7	U\SMJE\Mh2
00027a05	bwC|D
00027a21	]Az|iQtx\
00027a34	0@VqK
00027a45	EBYFf6
00027a4d	R_wmC
00027a64	67<d5
00027a70	[InfN>
00027a85	ia<pV
00027aa3	#3\[]Kf;
00027ae4	g'zs9V
00027b05	iQlx@$
00027b16	~wbyL
00027b24	HEBYFf
00027b64	unby9U 
00027b85	'U[Xf
00027b91	rkja.
00027ba3	xzk/=8?O
00027bc5	b`xFT$
00027be4	RSZCJw
00027c1f	,Hmh|gt49\}
00027c64	HN`zW
00027ca3	XGBS_u
00027d0b	e,}cPh
00027d22	"#3\]X~
00027d5c	O;4*$
00027d64	3cgo[>
00027de4	ZKKAw!
00027df0	g3?ex
00027e21	.omrsk&
00027e2d	de:%x
00027e45	PKNe 
00027e85	u|sJ\
00027ea3	MLDAQu-
00027edb	MVZlh
00027ee4	v'msV
00027f05	SQIh4
00027f39	_Z\Os1
00027f45	'co_^
00027f53	!035<@
00027f64	@ZjuK
00027f85	">.@z
00027fc5	'U[y$
00027ffe	^_]Hy
0002800a	jo{_)
00028022	GP}a@"
0002802a	DX^KK@L{.
00028097	OH\o1
00028122	o|}cM
000281f1	^R_Fe
00028221	an')'t8
00028255	tcj/9&v<
00028322	H\@S%r
00028338	DAQTNOl
000283a3	D)'t*
000283cf	[~*$f/f
00028420	IZYKLR
000284a3	wwkJB
000285a3	[VQj1
000285d9	DF]Wu
00028621	.lvdb]_
00028790	\OBl*
000287d6	YT_~!
00028819	BNDqR
0002881f	k-$639K@)
000288a3	zrkC<
000288a9	x|#\0
000288c9	/o#mU#
000288ed	~p;M3
00028922	QJTXe
000289a3	xa`L~
000289ea	6M:{*u~
00028a21	ARFPHb
00028a3b	.m'wX
00028b22	SW]Bl
00028ba3	k!4s<
00028bda	>j/HY
00028c9c	/^X:'Nx[
00028cb0	.\Ipd
00028cc9	YCE/^MY
00028cd7	M?_O]
00028e21	|ssvd[
00028f2e	st B-
00029164	FsH37No
000291c2	k3bDLX
000292b1	Kfb~f<
0002953a	K#elx&
000295db	S90h-
000295e2	)F}3J
00029666	lyr9|>
0002976a	*RpUF
000297a9	)sv,m
000297da	{Vo/_c
00029b87	gQp'o.
00029d56	{)0VB
00029d7f	%`64XC
00029dc6	QcrCq
00029f27	E3"#RO9G=*
0002a03b	>Ig].
0002a1b2	cf|Gn
0002a2f9	7MwgXaU
0002a400	\Zi]m
0002a4fa	^8Z7m|
0002a537	W8+~P
0002a54b	pofKRx
0002a911	6l/!D
0002a91b	46J;v3
0002a98b	vW1l<
0002ab69	@VA(pbL
0002abd0	PYCRZ
0002ac22	\zPD\
0002aca9	~N)pD9
0002ad90	Ky|Er
0002adcc	aM:\z
0002add5	042V K
0002adf9	7~GM{
0002ae13	.;>C3
0002ae72	9k*mZU}
0002af2a	+cHPF
0002af62	ZObF<2
0002b0a0	gX^8 
0002b108	$qCg8X
0002b110	IBJQA
0002b1ab	Mv@~}
0002b206	B%ypq
0002b217	n'/T|;
0002b4f3	Uo~L2cJ
0002b5d5	*]kF,z
0002b609	,FIA!g
0002b617	tg0|=
0002b81d	z>y7+]
0002b970	ir'6m
0002bae1	EcRF>
0002bc97	$oSxErcj_
0002bee1	icRF<y
0002beff	Gwv<xO+
0002c04d	;0y''
0002c12f	M'cY3
0002c136	8bzt4
0002c1f3	@Svsf
0002c388	LH.AB
0002c700	5fdBO+
0002c718	cCrp.
0002c829	7Sv&-8
0002c97d	@AcoY
0002ca32	B',;B
0002cbfe	5%N;~X3
0002ccbe	0b=~p
0002cd4c	34vx|
0002cef5	h*)AWO
0002d177	}+AR.
0002d3bb	T_NkH
0002d43b	c?8vx
0002d5f3	)2'3v~7
0002d668	`uyff
0002d760	hDnCP
0002d8e0	wxcR[
0002db6a	ojpUD
0002dc74	eb-%,r
0002dd0e	fxH9|'
0002dd9b	p$i%C
0002ddae	Xq2$;
0002de0e	+r4x0`7Fl
0002e2cf	|0>-8)R
0002e33b	B!K;!
0002e55c	? RUV
0002e594	vl)3[
0002e5f7	?}jfy
0002e75a	xE5Dx
0002e8f2	u3Q6X
0002eb2f	i]'4hQ
0002eb9e	 /'%cW
0002eba8	yGFE(
0002ebd8	^w?};
0002f23a	p~sJ^9
0002f257	\raZ-
0002f34c	Ue~$0
0002f38f	q~e.,
0002f406	m\jxM6
0002f40d	dxFm{X
0002fe5d	6lTU.\8n
0002fe83	x.|evH
