lane,rx_index,chirp,sample,i,q
0,0,0,0,6466,-4477
0,0,0,1,6511,-4528
0,0,0,2,6460,-4471
0,0,0,3,6515,-4524
0,0,0,4,6441,-4465
0,0,0,5,6520,-4525
0,0,0,6,6455,-4436
0,0,0,7,6506,-4475
0,0,0,8,6497,-4437
0,0,0,9,6482,-4404
0,0,0,10,6586,-4465
0,0,0,11,6466,-4345
0,0,0,12,6572,-4432
0,0,0,13,6514,-4377
0,0,0,14,6550,-4395
0,0,0,15,6545,-4385
0,0,0,16,6537,-4350
0,0,0,17,6599,-4389
0,0,0,18,6526,-4315
0,0,0,19,6619,-4375
0,0,0,20,6504,-4277
0,0,0,21,6608,-4354
0,0,0,22,6522,-4279
0,0,0,23,6545,-4301
0,0,0,24,6617,-4340
0,0,0,25,6512,-4242
0,0,0,26,6649,-4338
0,0,0,27,6549,-4264
0,0,0,28,6610,-4287
0,0,0,29,6557,-4266
0,0,0,30,6577,-4276
0,0,0,31,6610,-4280
0,0,0,32,6560,-4238
0,0,0,33,6638,-4286
0,0,0,34,6535,-4203
0,0,0,35,6666,-4296
0,0,0,36,6540,-4196
0,0,0,37,6586,-4209
0,0,0,38,6620,-4246
0,0,0,39,6564,-4205
0,0,0,40,6661,-4257
0,0,0,41,6590,-4185
0,0,0,42,6659,-4233
0,0,0,43,6569,-4175
0,0,0,44,6647,-4233
0,0,0,45,6612,-4184
0,0,0,46,6620,-4198
0,0,0,47,6669,-4220
0,0,0,48,6577,-4143
0,0,0,49,6719,-4235
0,0,0,50,6607,-4159
0,0,0,51,6671,-4193
0,0,0,52,6657,-4173
0,0,0,53,6679,-4167
0,0,0,54,6707,-4185
0,0,0,55,6661,-4163
0,0,0,56,6752,-4206
0,0,0,57,6630,-4131
0,0,0,58,6752,-4211
0,0,0,59,6663,-4127
0,0,0,60,6713,-4145
0,0,0,61,6735,-4168
0,0,0,62,6717,-4133
0,0,0,63,6788,-4167
0,0,0,64,6713,-4133
0,0,0,65,6797,-4171
0,0,0,66,6722,-4113
0,0,0,67,6809,-4162
0,0,0,68,6756,-4113
0,0,0,69,6780,-4119
0,0,0,70,6844,-4158
0,0,0,71,6746,-4066
0,0,0,72,6860,-4157
0,0,0,73,6796,-4078
0,0,0,74,6846,-4127
0,0,0,75,6822,-4091
0,0,0,76,6864,-4085
0,0,0,77,6892,-4101
0,0,0,78,6840,-4064
0,0,0,79,6940,-4115
0,0,0,80,6838,-4019
0,0,0,81,6978,-4114
0,0,0,82,6862,-4020
0,0,0,83,6909,-4046
0,0,0,84,6953,-4069
0,0,0,85,6912,-4015
0,0,0,86,7004,-4078
0,0,0,87,6927,-4010
0,0,0,88,7013,-4066
0,0,0,89,6935,-3991
0,0,0,90,7009,-4035
0,0,0,91,6959,-4010
0,0,0,92,6977,-3997
0,0,0,93,7074,-4035
0,0,0,94,6950,-3931
0,0,0,95,7102,-4026
0,0,0,96,7022,-3952
0,0,0,97,7084,-3980
0,0,0,98,7067,-3975
0,0,0,99,7041,-3955
0,0,0,100,7115,-3984
0,0,0,101,7059,-3944
0,0,0,102,7136,-3979
0,0,0,103,7057,-3920
0,0,0,104,7186,-3983
0,0,0,105,7083,-3902
0,0,0,106,7127,-3907
0,0,0,107,7211,-3923
0,0,0,108,7106,-3847
0,0,0,109,7247,-3925
0,0,0,110,7185,-3858
0,0,0,111,7250,-3899
0,0,0,112,7182,-3861
0,0,0,113,7234,-3856
0,0,0,114,7243,-3851
0,0,0,115,7221,-3829
0,0,0,116,7321,-3851
0,0,0,117,7197,-3759
0,0,0,118,7334,-3844
0,0,0,119,7247,-3761
0,0,0,120,7295,-3766
0,0,0,121,7319,-3777
0,0,0,122,7309,-3735
0,0,0,123,7387,-3774
0,0,0,124,7313,-3733
0,0,0,125,7385,-3775
0,0,0,126,7308,-3701
0,0,0,127,7412,-3737
0,0,0,128,7351,-3671
0,0,0,129,7367,-3689
0,0,0,130,7456,-3714
0,0,0,131,7335,-3616
0,0,0,132,7469,-3686
0,0,0,133,7393,-3608
0,0,0,134,7489,-3643
0,0,0,135,7424,-3602
0,0,0,136,7473,-3599
0,0,0,137,7485,-3578
0,0,0,138,7435,-3538
0,0,0,139,7551,-3609
0,0,0,140,7399,-3511
0,0,0,141,7545,-3584
0,0,0,142,7474,-3502
0,0,0,143,7488,-3499
0,0,0,144,7530,-3514
0,0,0,145,7493,-3460
0,0,0,146,7575,-3525
0,0,0,147,7483,-3464
0,0,0,148,7593,-3505
0,0,0,149,7497,-3414
0,0,0,150,7590,-3447
0,0,0,151,7527,-3409
0,0,0,152,7523,-3398
0,0,0,153,7632,-3436
0,0,0,154,7499,-3325
0,0,0,155,7640,-3364
0,0,0,156,7577,-3319
0,0,0,157,7626,-3315
0,0,0,158,7591,-3287
0,0,0,159,7619,-3286
0,0,0,160,7661,-3275
0,0,0,161,7583,-3226
0,0,0,162,7712,-3284
0,0,0,163,7557,-3175
0,0,0,164,7675,-3278
0,0,0,165,7606,-3212
0,0,0,166,7609,-3209
0,0,0,167,7664,-3197
0,0,0,168,7635,-3120
0,0,0,169,7720,-3175
0,0,0,170,7616,-3118
0,0,0,171,7726,-3127
0,0,0,172,7629,-3051
0,0,0,173,7702,-3074
0,0,0,174,7668,-3002
0,0,0,175,7622,-2978
0,0,0,176,7771,-3062
0,0,0,177,7628,-2964
0,0,0,178,7732,-3026
0,0,0,179,7658,-2959
0,0,0,180,7708,-2955
0,0,0,181,7670,-2942
0,0,0,182,7678,-2936
0,0,0,183,7737,-2928
0,0,0,184,7651,-2888
0,0,0,185,7785,-2935
0,0,0,186,7624,-2812
0,0,0,187,7734,-2887
0,0,0,188,7694,-2821
0,0,0,189,7677,-2767
0,0,0,190,7755,-2808
0,0,0,191,7681,-2747
0,0,0,192,7790,-2781
0,0,0,193,7665,-2708
0,0,0,194,7758,-2723
0,0,0,195,7661,-2656
0,0,0,196,7720,-2682
0,0,0,197,7719,-2670
0,0,0,198,7633,-2635
0,0,0,199,7797,-2696
0,0,0,200,7653,-2605
0,0,0,201,7743,-2614
0,0,0,202,7673,-2574
0,0,0,203,7720,-2580
0,0,0,204,7704,-2563
0,0,0,205,7684,-2544
0,0,0,206,7743,-2537
0,0,0,207,7643,-2465
0,0,0,208,7773,-2499
0,0,0,209,7600,-2425
0,0,0,210,7690,-2456
0,0,0,211,7690,-2460
0,0,0,212,7641,-2410
0,0,0,213,7731,-2411
0,0,0,214,7623,-2334
0,0,0,215,7715,-2362
0,0,0,216,7596,-2290
0,0,0,217,7704,-2324
0,0,0,218,7610,-2274
0,0,0,219,7633,-2268
0,0,0,220,7680,-2262
0,0,0,221,7546,-2205
0,0,0,222,7703,-2249
0,0,0,223,7578,-2188
0,0,0,224,7658,-2214
0,0,0,225,7591,-2182
0,0,0,226,7603,-2161
0,0,0,227,7627,-2176
0,0,0,228,7583,-2152
0,0,0,229,7662,-2180
0,0,0,230,7521,-2116
0,0,0,231,7671,-2139
0,0,0,232,7494,-2047
0,0,0,233,7568,-2070
0,0,0,234,7568,-2059
0,0,0,235,7525,-2018
0,0,0,236,7596,-2029
0,0,0,237,7503,-1987
0,0,0,238,7591,-2023
0,0,0,239,7466,-1961
0,0,0,240,7559,-1950
0,0,0,241,7459,-1922
0,0,0,242,7466,-1910
0,0,0,243,7537,-1906
0,0,0,244,7396,-1845
0,0,0,245,7532,-1864
0,0,0,246,7440,-1836
0,0,0,247,7506,-1875
0,0,0,248,7432,-1824
0,0,0,249,7473,-1840
0,0,0,250,7475,-1825
0,0,0,251,7420,-1819
0,0,0,252,7535,-1839
0,0,0,253,7349,-1756
0,0,0,254,7524,-1803
0,0,0,255,7365,-1727
0,0,0,256,7391,-1727
0,0,0,257,7425,-1710
0,0,0,258,7382,-1689
0,0,0,259,7465,-1706
0,0,0,260,7350,-1667
0,0,0,261,7444,-1672
0,0,0,262,7333,-1632
0,0,0,263,7414,-1633
0,0,0,264,7327,-1593
0,0,0,265,7307,-1574
0,0,0,266,7438,-1613
0,0,0,267,7280,-1529
0,0,0,268,7392,-1550
0,0,0,269,7295,-1524
0,0,0,270,7335,-1515
0,0,0,271,7316,-1533
0,0,0,272,7310,-1508
0,0,0,273,7355,-1513
0,0,0,274,7264,-1479
0,0,0,275,7414,-1493
0,0,0,276,7243,-1440
0,0,0,277,7361,-1461
0,0,0,278,7245,-1400
0,0,0,279,7243,-1392
0,0,0,280,7334,-1413
0,0,0,281,7217,-1347
0,0,0,282,7338,-1369
0,0,0,283,7224,-1337
0,0,0,284,7309,-1356
0,0,0,285,7204,-1331
0,0,0,286,7294,-1340
0,0,0,287,7235,-1288
0,0,0,288,7194,-1274
0,0,0,289,7314,-1282
0,0,0,290,7127,-1215
0,0,0,291,7249,-1217
0,0,0,292,7168,-1202
0,0,0,293,7182,-1185
0,0,0,294,7187,-1179
0,0,0,295,7146,-1160
0,0,0,296,7219,-1174
0,0,0,297,7136,-1166
0,0,0,298,7224,-1160
0,0,0,299,7071,-1105
0,0,0,300,7164,-1115
0,0,0,301,7101,-1082
0,0,0,302,7055,-1059
0,0,0,303,7151,-1052
0,0,0,304,7059,-1037
0,0,0,305,7144,-1039
0,0,0,306,7030,-1016
0,0,0,307,7108,-1010
0,0,0,308,7016,-983
0,0,0,309,7054,-995
0,0,0,310,7055,-979
0,0,0,311,6964,-942
0,0,0,312,7113,-941
0,0,0,313,6899,-897
0,0,0,314,6993,-875
0,0,0,315,6932,-861
0,0,0,316,6957,-871
0,0,0,317,6963,-864
0,0,0,318,6933,-855
0,0,0,319,7003,-859
0,0,0,320,6878,-829
0,0,0,321,7006,-840
0,0,0,322,6838,-813
0,0,0,323,6901,-780
0,0,0,324,6894,-770
0,0,0,325,6826,-745
0,0,0,326,6919,-755
0,0,0,327,6824,-726
0,0,0,328,6900,-722
0,0,0,329,6800,-719
0,0,0,330,6866,-718
0,0,0,331,6796,-692
0,0,0,332,6833,-696
0,0,0,333,6853,-670
0,0,0,334,6727,-637
0,0,0,335,6890,-677
0,0,0,336,6734,-628
0,0,0,337,6793,-602
0,0,0,338,6774,-633
0,0,0,339,6757,-598
0,0,0,340,6792,-605
0,0,0,341,6732,-568
0,0,0,342,6801,-562
0,0,0,343,6657,-511
0,0,0,344,6786,-521
0,0,0,345,6656,-508
0,0,0,346,6682,-491
0,0,0,347,6716,-482
0,0,0,348,6617,-458
0,0,0,349,6743,-483
0,0,0,350,6640,-461
0,0,0,351,6702,-449
0,0,0,352,6574,-400
0,0,0,353,6635,-388
0,0,0,354,6585,-366
0,0,0,355,6587,-367
0,0,0,356,6628,-348
0,0,0,357,6495,-321
0,0,0,358,6637,-319
0,0,0,359,6482,-277
0,0,0,360,6532,-275
0,0,0,361,6517,-280
0,0,0,362,6486,-260
0,0,0,363,6527,-245
0,0,0,364,6466,-240
0,0,0,365,6548,-239
0,0,0,366,6394,-210
0,0,0,367,6510,-200
0,0,0,368,6388,-197
0,0,0,369,6412,-183
0,0,0,370,6468,-177
0,0,0,371,6353,-165
0,0,0,372,6449,-142
0,0,0,373,6354,-138
0,0,0,374,6404,-122
0,0,0,375,6325,-117
0,0,0,376,6366,-113
0,0,0,377,6324,-83
0,0,0,378,6286,-81
0,0,0,379,6363,-75
0,0,0,380,6175,-31
0,0,0,381,6321,-17
0,0,0,382,6152,-4
0,0,0,383,6205,2
0,0,0,384,6235,-13
0,0,0,385,6142,20
0,0,0,386,6193,45
0,0,0,387,6111,43
0,0,0,388,6186,54
0,0,0,389,6077,52
0,0,0,390,6165,68
0,0,0,391,6068,60
0,0,0,392,6089,78
0,0,0,393,6087,98
0,0,0,394,5976,92
0,0,0,395,6112,105
0,0,0,396,6002,96
0,0,0,397,6053,115
0,0,0,398,5971,119
0,0,0,399,5930,152
0,0,0,400,5945,153
0,0,0,401,5900,160
0,0,0,402,5987,161
0,0,0,403,5829,156
0,0,0,404,5961,182
0,0,0,405,5846,164
0,0,0,406,5867,171
0,0,0,407,5888,183
0,0,0,408,5831,189
0,0,0,409,5881,209
0,0,0,410,5793,201
0,0,0,411,5868,219
0,0,0,412,5757,200
0,0,0,413,5834,232
0,0,0,414,5772,219
0,0,0,415,5781,222
0,0,0,416,5815,246
0,0,0,417,5683,233
0,0,0,418,5785,266
0,0,0,419,5700,256
0,0,0,420,5732,281
0,0,0,421,5692,276
0,0,0,422,5695,287
0,0,0,423,5723,280
0,0,0,424,5663,287
0,0,0,425,5734,309
0,0,0,426,5588,304
0,0,0,427,5710,327
0,0,0,428,5613,312
0,0,0,429,5639,309
0,0,0,430,5684,325
0,0,0,431,5594,336
0,0,0,432,5673,350
0,0,0,433,5586,342
0,0,0,434,5632,370
0,0,0,435,5564,345
0,0,0,436,5602,378
0,0,0,437,5568,365
0,0,0,438,5544,377
0,0,0,439,5614,408
0,0,0,440,5473,396
0,0,0,441,5578,420
0,0,0,442,5505,401
0,0,0,443,5550,421
0,0,0,444,5505,426
0,0,0,445,5493,434
0,0,0,446,5547,435
0,0,0,447,5453,443
0,0,0,448,5533,460
0,0,0,449,5389,457
0,0,0,450,5488,489
0,0,0,451,5440,472
0,0,0,452,5435,483
0,0,0,453,5464,490
0,0,0,454,5375,510
0,0,0,455,5435,530
0,0,0,456,5357,518
0,0,0,457,5423,540
0,0,0,458,5346,530
0,0,0,459,5400,550
0,0,0,460,5375,540
0,0,0,461,5332,548
0,0,0,462,5415,576
0,0,0,463,5289,557
0,0,0,464,5353,611
0,0,0,465,5292,587
0,0,0,466,5326,609
0,0,0,467,5299,602
0,0,0,468,5273,626
0,0,0,469,5299,643
0,0,0,470,5225,636
0,0,0,471,5307,672
0,0,0,472,5184,642
0,0,0,473,5296,675
0,0,0,474,5222,659
0,0,0,475,5189,667
0,0,0,476,5234,697
0,0,0,477,5167,698
0,0,0,478,5239,719
0,0,0,479,5147,703
0,0,0,480,5174,738
0,0,0,481,5109,732
0,0,0,482,5150,747
0,0,0,483,5129,738
0,0,0,484,5079,743
0,0,0,485,5187,762
0,0,0,486,5039,754
0,0,0,487,5110,790
0,0,0,488,5058,773
0,0,0,489,5060,799
0,0,0,490,5050,790
0,0,0,491,5023,792
0,0,0,492,5056,818
0,0,0,493,4969,809
0,0,0,494,5031,859
0,0,0,495,4905,838
0,0,0,496,4988,859
0,0,0,497,4908,854
0,0,0,498,4904,853
0,0,0,499,4990,863
0,0,0,500,4895,851
0,0,0,501,4972,888
0,0,0,502,4879,877
0,0,0,503,4927,905
0,0,0,504,4878,882
0,0,0,505,4886,908
0,0,0,506,4874,905
0,0,0,507,4833,902
0,0,0,508,4904,948
0,0,0,509,4780,914
0,0,0,510,4858,950
0,0,0,511,4785,941
0,0,1,0,6480,-4521
0,0,1,1,6452,-4482
0,0,1,2,6511,-4527
0,0,1,3,6449,-4472
0,0,1,4,6527,-4523
0,0,1,5,6438,-4437
0,0,1,6,6518,-4507
0,0,1,7,6488,-4449
0,0,1,8,6461,-4409
0,0,1,9,6540,-4481
0,0,1,10,6479,-4412
0,0,1,11,6571,-4478
0,0,1,12,6493,-4388
0,0,1,13,6559,-4428
0,0,1,14,6507,-4362
0,0,1,15,6540,-4386
0,0,1,16,6552,-4368
0,0,1,17,6489,-4308
0,0,1,18,6602,-4415
0,0,1,19,6514,-4312
0,0,1,20,6583,-4361
0,0,1,21,6543,-4321
0,0,1,22,6545,-4325
0,0,1,23,6571,-4310
0,0,1,24,6555,-4291
0,0,1,25,6618,-4336
0,0,1,26,6522,-4261
0,0,1,27,6649,-4337
0,0,1,28,6519,-4235
0,0,1,29,6595,-4293
0,0,1,30,6590,-4278
0,0,1,31,6550,-4246
0,0,1,32,6624,-4295
0,0,1,33,6560,-4243
0,0,1,34,6637,-4285
0,0,1,35,6545,-4218
0,0,1,36,6632,-4268
0,0,1,37,6560,-4212
0,0,1,38,6609,-4239
0,0,1,39,6619,-4227
0,0,1,40,6560,-4175
0,0,1,41,6692,-4263
0,0,1,42,6564,-4167
0,0,1,43,6653,-4240
0,0,1,44,6597,-4197
0,0,1,45,6623,-4214
0,0,1,46,6638,-4215
0,0,1,47,6623,-4184
0,0,1,48,6694,-4228
0,0,1,49,6621,-4161
0,0,1,50,6718,-4227
0,0,1,51,6612,-4149
0,0,1,52,6696,-4212
0,0,1,53,6652,-4153
0,0,1,54,6639,-4142
0,0,1,55,6728,-4206
0,0,1,56,6650,-4146
0,0,1,57,6748,-4213
0,0,1,58,6661,-4141
0,0,1,59,6706,-4176
0,0,1,60,6675,-4146
0,0,1,61,6712,-4167
0,0,1,62,6742,-4166
0,0,1,63,6697,-4127
0,0,1,64,6808,-4186
0,0,1,65,6693,-4082
0,0,1,66,6818,-4172
0,0,1,67,6766,-4125
0,0,1,68,6771,-4122
0,0,1,69,6827,-4143
0,0,1,70,6775,-4096
0,0,1,71,6859,-4152
0,0,1,72,6778,-4086
0,0,1,73,6862,-4142
0,0,1,74,6782,-4078
0,0,1,75,6867,-4114
0,0,1,76,6832,-4075
0,0,1,77,6834,-4062
0,0,1,78,6937,-4129
0,0,1,79,6815,-4040
0,0,1,80,6939,-4130
0,0,1,81,6866,-4051
0,0,1,82,6933,-4083
0,0,1,83,6917,-4067
0,0,1,84,6910,-4048
0,0,1,85,6947,-4064
0,0,1,86,6898,-4024
0,0,1,87,7027,-4078
0,0,1,88,6919,-3997
0,0,1,89,7043,-4061
0,0,1,90,6955,-3980
0,0,1,91,7001,-4016
0,0,1,92,7037,-4017
0,0,1,93,6968,-3956
0,0,1,94,7088,-4036
0,0,1,95,7035,-3963
0,0,1,96,7100,-4001
0,0,1,97,7029,-3944
0,0,1,98,7082,-3985
0,0,1,99,7064,-3970
0,0,1,100,7059,-3951
0,0,1,101,7129,-3980
0,0,1,102,7047,-3893
0,0,1,103,7199,-3988
0,0,1,104,7037,-3897
0,0,1,105,7134,-3937
0,0,1,106,7133,-3922
0,0,1,107,7142,-3913
0,0,1,108,7201,-3919
0,0,1,109,7173,-3852
0,0,1,110,7263,-3904
0,0,1,111,7158,-3845
0,0,1,112,7267,-3912
0,0,1,113,7184,-3816
0,0,1,114,7245,-3854
0,0,1,115,7256,-3840
0,0,1,116,7197,-3771
0,0,1,117,7334,-3856
0,0,1,118,7259,-3758
0,0,1,119,7357,-3811
0,0,1,120,7273,-3765
0,0,1,121,7314,-3784
0,0,1,122,7311,-3766
0,0,1,123,7320,-3746
0,0,1,124,7391,-3748
0,0,1,125,7287,-3683
0,0,1,126,7435,-3794
0,0,1,127,7314,-3688
0,0,1,128,7391,-3728
0,0,1,129,7386,-3688
0,0,1,130,7369,-3644
0,0,1,131,7452,-3684
0,0,1,132,7396,-3641
0,0,1,133,7463,-3705
0,0,1,134,7377,-3614
0,0,1,135,7484,-3660
0,0,1,136,7405,-3574
0,0,1,137,7461,-3599
0,0,1,138,7497,-3597
0,0,1,139,7425,-3529
0,0,1,140,7559,-3609
0,0,1,141,7442,-3540
0,0,1,142,7528,-3588
0,0,1,143,7480,-3535
0,0,1,144,7508,-3520
0,0,1,145,7525,-3502
0,0,1,146,7513,-3482
0,0,1,147,7590,-3500
0,0,1,148,7474,-3415
0,0,1,149,7630,-3457
0,0,1,150,7491,-3357
0,0,1,151,7580,-3408
0,0,1,152,7584,-3412
0,0,1,153,7553,-3331
0,0,1,154,7640,-3388
0,0,1,155,7563,-3302
0,0,1,156,7643,-3370
0,0,1,157,7545,-3311
0,0,1,158,7658,-3366
0,0,1,159,7574,-3282
0,0,1,160,7623,-3299
0,0,1,161,7649,-3288
0,0,1,162,7567,-3216
0,0,1,163,7716,-3305
0,0,1,164,7579,-3195
0,0,1,165,7680,-3236
0,0,1,166,7636,-3180
0,0,1,167,7649,-3154
0,0,1,168,7690,-3174
0,0,1,169,7645,-3135
0,0,1,170,7748,-3142
0,0,1,171,7630,-3090
0,0,1,172,7754,-3135
0,0,1,173,7614,-3043
0,0,1,174,7712,-3058
0,0,1,175,7691,-3015
0,0,1,176,7627,-2960
0,0,1,177,7774,-3039
0,0,1,178,7644,-2979
0,0,1,179,7769,-3030
0,0,1,180,7681,-2961
0,0,1,181,7713,-2954
0,0,1,182,7688,-2944
0,0,1,183,7707,-2948
0,0,1,184,7753,-2930
0,0,1,185,7669,-2866
0,0,1,186,7808,-2890
0,0,1,187,7631,-2795
0,0,1,188,7741,-2847
0,0,1,189,7704,-2807
0,0,1,190,7689,-2768
0,0,1,191,7741,-2802
0,0,1,192,7681,-2722
0,0,1,193,7774,-2749
0,0,1,194,7658,-2692
0,0,1,195,7769,-2736
0,0,1,196,7636,-2634
0,0,1,197,7738,-2701
0,0,1,198,7712,-2676
0,0,1,199,7644,-2594
0,0,1,200,7780,-2665
0,0,1,201,7657,-2576
0,0,1,202,7762,-2620
0,0,1,203,7671,-2566
0,0,1,204,7713,-2543
0,0,1,205,7698,-2530
0,0,1,206,7692,-2508
0,0,1,207,7748,-2538
0,0,1,208,7651,-2494
0,0,1,209,7795,-2487
0,0,1,210,7617,-2419
0,0,1,211,7739,-2432
0,0,1,212,7658,-2372
0,0,1,213,7634,-2367
0,0,1,214,7716,-2385
0,0,1,215,7647,-2328
0,0,1,216,7730,-2363
0,0,1,217,7606,-2307
0,0,1,218,7735,-2357
0,0,1,219,7609,-2281
0,0,1,220,7673,-2299
0,0,1,221,7653,-2255
0,0,1,222,7569,-2225
0,0,1,223,7724,-2276
0,0,1,224,7580,-2182
0,0,1,225,7684,-2201
0,0,1,226,7585,-2154
0,0,1,227,7616,-2141
0,0,1,228,7587,-2109
0,0,1,229,7571,-2093
0,0,1,230,7643,-2107
0,0,1,231,7525,-2063
0,0,1,232,7682,-2105
0,0,1,233,7481,-2029
0,0,1,234,7594,-2055
0,0,1,235,7564,-2050
0,0,1,236,7541,-2009
0,0,1,237,7604,-2002
0,0,1,238,7519,-1951
0,0,1,239,7604,-1991
0,0,1,240,7472,-1929
0,0,1,241,7581,-1929
0,0,1,242,7457,-1892
0,0,1,243,7527,-1909
0,0,1,244,7531,-1922
0,0,1,245,7421,-1857
0,0,1,246,7568,-1890
0,0,1,247,7451,-1835
0,0,1,248,7542,-1852
0,0,1,249,7444,-1832
0,0,1,250,7473,-1835
0,0,1,251,7458,-1796
0,0,1,252,7430,-1764
0,0,1,253,7493,-1765
0,0,1,254,7378,-1727
0,0,1,255,7532,-1760
0,0,1,256,7338,-1668
0,0,1,257,7431,-1695
0,0,1,258,7405,-1687
0,0,1,259,7386,-1674
0,0,1,260,7455,-1682
0,0,1,261,7379,-1640
0,0,1,262,7456,-1655
0,0,1,263,7331,-1610
0,0,1,264,7428,-1616
0,0,1,265,7308,-1589
0,0,1,266,7366,-1583
0,0,1,267,7397,-1565
0,0,1,268,7288,-1533
0,0,1,269,7430,-1583
0,0,1,270,7311,-1529
0,0,1,271,7390,-1548
0,0,1,272,7310,-1504
0,0,1,273,7330,-1472
0,0,1,274,7320,-1459
0,0,1,275,7295,-1458
0,0,1,276,7363,-1462
0,0,1,277,7225,-1400
0,0,1,278,7366,-1422
0,0,1,279,7214,-1385
0,0,1,280,7274,-1387
0,0,1,281,7280,-1384
0,0,1,282,7238,-1335
0,0,1,283,7308,-1362
0,0,1,284,7234,-1344
0,0,1,285,7323,-1356
0,0,1,286,7178,-1292
0,0,1,287,7281,-1294
0,0,1,288,7175,-1259
0,0,1,289,7187,-1246
0,0,1,290,7277,-1261
0,0,1,291,7117,-1210
0,0,1,292,7263,-1242
0,0,1,293,7149,-1208
0,0,1,294,7220,-1184
0,0,1,295,7141,-1187
0,0,1,296,7180,-1169
0,0,1,297,7187,-1154
0,0,1,298,7134,-1117
0,0,1,299,7219,-1139
0,0,1,300,7033,-1083
0,0,1,301,7166,-1077
0,0,1,302,7060,-1036
0,0,1,303,7076,-1035
0,0,1,304,7073,-1029
0,0,1,305,7065,-1020
0,0,1,306,7107,-1005
0,0,1,307,6972,-960
0,0,1,308,7141,-991
0,0,1,309,6962,-960
0,0,1,310,7077,-975
0,0,1,311,7031,-957
0,0,1,312,6973,-928
0,0,1,313,7039,-914
0,0,1,314,6950,-877
0,0,1,315,7010,-866
0,0,1,316,6914,-869
0,0,1,317,6992,-857
0,0,1,318,6895,-847
0,0,1,319,6948,-841
0,0,1,320,6954,-828
0,0,1,321,6859,-799
0,0,1,322,7013,-822
0,0,1,323,6843,-788
0,0,1,324,6914,-773
0,0,1,325,6868,-770
0,0,1,326,6864,-749
0,0,1,327,6864,-737
0,0,1,328,6839,-719
0,0,1,329,6896,-727
0,0,1,330,6777,-696
0,0,1,331,6897,-685
0,0,1,332,6747,-667
0,0,1,333,6829,-655
0,0,1,334,6813,-658
0,0,1,335,6724,-628
0,0,1,336,6841,-638
0,0,1,337,6773,-630
0,0,1,338,6839,-612
0,0,1,339,6719,-578
0,0,1,340,6800,-574
0,0,1,341,6694,-561
0,0,1,342,6744,-557
0,0,1,343,6750,-525
0,0,1,344,6657,-525
0,0,1,345,6806,-543
0,0,1,346,6655,-500
0,0,1,347,6724,-477
0,0,1,348,6646,-464
0,0,1,349,6643,-441
0,0,1,350,6672,-439
0,0,1,351,6619,-413
0,0,1,352,6686,-411
0,0,1,353,6562,-401
0,0,1,354,6706,-397
0,0,1,355,6537,-373
0,0,1,356,6557,-342
0,0,1,357,6600,-352
0,0,1,358,6510,-315
0,0,1,359,6602,-304
0,0,1,360,6488,-271
0,0,1,361,6577,-285
0,0,1,362,6482,-279
0,0,1,363,6527,-243
0,0,1,364,6452,-223
0,0,1,365,6477,-217
0,0,1,366,6515,-230
0,0,1,367,6388,-219
0,0,1,368,6556,-216
0,0,1,369,6361,-176
0,0,1,370,6436,-168
0,0,1,371,6409,-174
0,0,1,372,6388,-161
0,0,1,373,6398,-145
0,0,1,374,6315,-108
0,0,1,375,6380,-88
0,0,1,376,6235,-73
0,0,1,377,6377,-80
0,0,1,378,6244,-79
0,0,1,379,6276,-58
0,0,1,380,6302,-50
0,0,1,381,6196,-43
0,0,1,382,6302,-18
0,0,1,383,6190,-6
0,0,1,384,6240,6
0,0,1,385,6168,2
0,0,1,386,6183,28
0,0,1,387,6124,35
0,0,1,388,6124,41
0,0,1,389,6171,47
0,0,1,390,6051,52
0,0,1,391,6192,64
0,0,1,392,6037,71
0,0,1,393,6116,73
0,0,1,394,6094,65
0,0,1,395,6019,95
0,0,1,396,6035,115
0,0,1,397,5945,125
0,0,1,398,6026,139
0,0,1,399,5892,138
0,0,1,400,5988,163
0,0,1,401,5868,142
0,0,1,402,5902,155
0,0,1,403,5954,165
0,0,1,404,5830,172
0,0,1,405,5938,179
0,0,1,406,5866,158
0,0,1,407,5917,183
0,0,1,408,5834,177
0,0,1,409,5862,190
0,0,1,410,5842,194
0,0,1,411,5804,208
0,0,1,412,5844,220
0,0,1,413,5731,207
0,0,1,414,5849,241
0,0,1,415,5692,229
0,0,1,416,5755,234
0,0,1,417,5756,232
0,0,1,418,5729,243
0,0,1,419,5771,257
0,0,1,420,5707,255
0,0,1,421,5764,270
0,0,1,422,5685,251
0,0,1,423,5747,292
0,0,1,424,5670,272
0,0,1,425,5684,295
0,0,1,426,5707,305
0,0,1,427,5599,297
0,0,1,428,5740,315
0,0,1,429,5616,311
0,0,1,430,5661,333
0,0,1,431,5602,326
0,0,1,432,5630,337
0,0,1,433,5640,334
0,0,1,434,5592,340
0,0,1,435,5649,365
0,0,1,436,5524,368
0,0,1,437,5632,396
0,0,1,438,5498,371
0,0,1,439,5555,375
0,0,1,440,5569,380
0,0,1,441,5500,400
0,0,1,442,5559,421
0,0,1,443,5517,405
0,0,1,444,5567,423
0,0,1,445,5463,415
0,0,1,446,5531,442
0,0,1,447,5443,434
0,0,1,448,5443,455
0,0,1,449,5539,462
0,0,1,450,5423,453
0,0,1,451,5514,485
0,0,1,452,5409,475
0,0,1,453,5443,488
0,0,1,454,5392,496
0,0,1,455,5411,518
0,0,1,456,5426,512
0,0,1,457,5386,512
0,0,1,458,5444,537
0,0,1,459,5322,521
0,0,1,460,5453,538
0,0,1,461,5326,533
0,0,1,462,5354,543
0,0,1,463,5370,563
0,0,1,464,5314,573
0,0,1,465,5398,586
0,0,1,466,5304,580
0,0,1,467,5330,626
0,0,1,468,5248,605
0,0,1,469,5282,648
0,0,1,470,5246,639
0,0,1,471,5217,643
0,0,1,472,5283,671
0,0,1,473,5166,661
0,0,1,474,5275,682
0,0,1,475,5183,677
0,0,1,476,5200,695
0,0,1,477,5180,694
0,0,1,478,5174,699
0,0,1,479,5196,711
0,0,1,480,5150,714
0,0,1,481,5205,740
0,0,1,482,5096,716
0,0,1,483,5182,752
0,0,1,484,5074,734
0,0,1,485,5086,768
0,0,1,486,5134,768
0,0,1,487,5047,755
0,0,1,488,5138,785
0,0,1,489,5041,776
0,0,1,490,5098,796
0,0,1,491,5030,777
0,0,1,492,5034,814
0,0,1,493,5007,809
0,0,1,494,4981,820
0,0,1,495,5033,848
0,0,1,496,4937,806
0,0,1,497,5028,855
0,0,1,498,4914,851
0,0,1,499,4947,861
0,0,1,500,4958,860
0,0,1,501,4904,868
0,0,1,502,4952,884
0,0,1,503,4888,870
0,0,1,504,4950,896
0,0,1,505,4837,881
0,0,1,506,4917,920
0,0,1,507,4840,892
0,0,1,508,4826,924
0,0,1,509,4860,946
0,0,1,510,4757,923
0,0,1,511,4835,968
0,0,2,0,6498,-4531
0,0,2,1,6397,-4444
0,0,2,2,6522,-4546
0,0,2,3,6464,-4473
0,0,2,4,6498,-4492
0,0,2,5,6466,-4454
0,0,2,6,6481,-4449
0,0,2,7,6511,-4453
0,0,2,8,6451,-4405
0,0,2,9,6584,-4509
0,0,2,10,6449,-4369
0,0,2,11,6547,-4439
0,0,2,12,6501,-4383
0,0,2,13,6524,-4382
0,0,2,14,6562,-4404
0,0,2,15,6529,-4354
0,0,2,16,6601,-4406
0,0,2,17,6511,-4337
0,0,2,18,6614,-4406
0,0,2,19,6503,-4316
0,0,2,20,6587,-4375
0,0,2,21,6552,-4315
0,0,2,22,6519,-4281
0,0,2,23,6622,-4345
0,0,2,24,6524,-4254
0,0,2,25,6624,-4313
0,0,2,26,6547,-4257
0,0,2,27,6588,-4286
0,0,2,28,6549,-4248
0,0,2,29,6570,-4259
0,0,2,30,6606,-4263
0,0,2,31,6540,-4212
0,0,2,32,6661,-4302
0,0,2,33,6520,-4171
0,0,2,34,6614,-4260
0,0,2,35,6572,-4227
0,0,2,36,6579,-4234
0,0,2,37,6619,-4265
0,0,2,38,6572,-4209
0,0,2,39,6648,-4249
0,0,2,40,6559,-4198
0,0,2,41,6656,-4265
0,0,2,42,6545,-4162
0,0,2,43,6639,-4237
0,0,2,44,6597,-4205
0,0,2,45,6578,-4169
0,0,2,46,6689,-4232
0,0,2,47,6587,-4160
0,0,2,48,6695,-4237
0,0,2,49,6622,-4161
0,0,2,50,6669,-4199
0,0,2,51,6640,-4179
0,0,2,52,6660,-4180
0,0,2,53,6691,-4187
0,0,2,54,6648,-4147
0,0,2,55,6750,-4204
0,0,2,56,6622,-4119
0,0,2,57,6748,-4209
0,0,2,58,6658,-4125
0,0,2,59,6687,-4140
0,0,2,60,6743,-4180
0,0,2,61,6675,-4126
0,0,2,62,6785,-4183
0,0,2,63,6726,-4124
0,0,2,64,6798,-4170
0,0,2,65,6732,-4121
0,0,2,66,6797,-4149
0,0,2,67,6771,-4129
0,0,2,68,6750,-4115
0,0,2,69,6839,-4160
0,0,2,70,6722,-4085
0,0,2,71,6874,-4171
0,0,2,72,6769,-4082
0,0,2,73,6826,-4105
0,0,2,74,6844,-4107
0,0,2,75,6823,-4058
0,0,2,76,6901,-4108
0,0,2,77,6833,-4074
0,0,2,78,6929,-4121
0,0,2,79,6832,-4055
0,0,2,80,6919,-4104
0,0,2,81,6868,-4045
0,0,2,82,6901,-4062
0,0,2,83,6950,-4072
0,0,2,84,6893,-3997
0,0,2,85,7004,-4102
0,0,2,86,6899,-4012
0,0,2,87,6956,-4070
0,0,2,88,6937,-4032
0,0,2,89,6979,-4029
0,0,2,90,7000,-4038
0,0,2,91,6965,-4009
0,0,2,92,7051,-4034
0,0,2,93,6964,-3974
0,0,2,94,7087,-4037
0,0,2,95,6961,-3949
0,0,2,96,7041,-3995
0,0,2,97,7047,-3972
0,0,2,98,7008,-3929
0,0,2,99,7149,-3985
0,0,2,100,7067,-3918
0,0,2,101,7158,-3966
0,0,2,102,7080,-3908
0,0,2,103,7137,-3935
0,0,2,104,7108,-3903
0,0,2,105,7128,-3914
0,0,2,106,7174,-3933
0,0,2,107,7121,-3882
0,0,2,108,7240,-3956
0,0,2,109,7105,-3855
0,0,2,110,7202,-3901
0,0,2,111,7204,-3859
0,0,2,112,7186,-3854
0,0,2,113,7220,-3891
0,0,2,114,7201,-3825
0,0,2,115,7299,-3872
0,0,2,116,7235,-3790
0,0,2,117,7344,-3833
0,0,2,118,7258,-3770
0,0,2,119,7315,-3816
0,0,2,120,7317,-3782
0,0,2,121,7292,-3741
0,0,2,122,7403,-3819
0,0,2,123,7266,-3699
0,0,2,124,7389,-3767
0,0,2,125,7322,-3719
0,0,2,126,7362,-3736
0,0,2,127,7365,-3720
0,0,2,128,7385,-3686
0,0,2,129,7442,-3715
0,0,2,130,7358,-3622
0,0,2,131,7483,-3691
0,0,2,132,7345,-3586
0,0,2,133,7462,-3645
0,0,2,134,7442,-3619
0,0,2,135,7400,-3592
0,0,2,136,7495,-3623
0,0,2,137,7439,-3550
0,0,2,138,7534,-3596
0,0,2,139,7440,-3545
0,0,2,140,7511,-3580
0,0,2,141,7455,-3514
0,0,2,142,7515,-3521
0,0,2,143,7508,-3518
0,0,2,144,7463,-3495
0,0,2,145,7612,-3550
0,0,2,146,7461,-3449
0,0,2,147,7568,-3513
0,0,2,148,7506,-3456
0,0,2,149,7541,-3458
0,0,2,150,7556,-3445
0,0,2,151,7536,-3416
0,0,2,152,7604,-3415
0,0,2,153,7516,-3352
0,0,2,154,7666,-3424
0,0,2,155,7529,-3320
0,0,2,156,7645,-3375
0,0,2,157,7608,-3305
0,0,2,158,7578,-3260
0,0,2,159,7666,-3303
0,0,2,160,7595,-3234
0,0,2,161,7696,-3282
0,0,2,162,7609,-3228
0,0,2,163,7677,-3265
0,0,2,164,7606,-3194
0,0,2,165,7664,-3233
0,0,2,166,7670,-3201
0,0,2,167,7597,-3137
0,0,2,168,7764,-3222
0,0,2,169,7608,-3108
0,0,2,170,7717,-3140
0,0,2,171,7663,-3084
0,0,2,172,7686,-3078
0,0,2,173,7700,-3073
0,0,2,174,7662,-3051
0,0,2,175,7738,-3064
0,0,2,176,7640,-3017
0,0,2,177,7774,-3054
0,0,2,178,7631,-2949
0,0,2,179,7734,-2992
0,0,2,180,7687,-2943
0,0,2,181,7649,-2901
0,0,2,182,7758,-2956
0,0,2,183,7667,-2904
0,0,2,184,7760,-2932
0,0,2,185,7670,-2865
0,0,2,186,7738,-2888
0,0,2,187,7681,-2824
0,0,2,188,7715,-2815
0,0,2,189,7732,-2817
0,0,2,190,7645,-2739
0,0,2,191,7818,-2830
0,0,2,192,7643,-2715
0,0,2,193,7749,-2753
0,0,2,194,7698,-2717
0,0,2,195,7697,-2692
0,0,2,196,7749,-2690
0,0,2,197,7694,-2647
0,0,2,198,7776,-2709
0,0,2,199,7665,-2635
0,0,2,200,7770,-2650
0,0,2,201,7644,-2563
0,0,2,202,7717,-2594
0,0,2,203,7699,-2574
0,0,2,204,7626,-2504
0,0,2,205,7771,-2560
0,0,2,206,7646,-2484
0,0,2,207,7737,-2504
0,0,2,208,7649,-2455
0,0,2,209,7700,-2427
0,0,2,210,7673,-2416
0,0,2,211,7665,-2396
0,0,2,212,7727,-2417
0,0,2,213,7622,-2355
0,0,2,214,7770,-2394
0,0,2,215,7593,-2324
0,0,2,216,7688,-2343
0,0,2,217,7646,-2316
0,0,2,218,7607,-2271
0,0,2,219,7688,-2299
0,0,2,220,7615,-2245
0,0,2,221,7718,-2296
0,0,2,222,7605,-2255
0,0,2,223,7690,-2249
0,0,2,224,7581,-2188
0,0,2,225,7620,-2173
0,0,2,226,7617,-2166
0,0,2,227,7548,-2124
0,0,2,228,7701,-2175
0,0,2,229,7515,-2085
0,0,2,230,7639,-2123
0,0,2,231,7563,-2090
0,0,2,232,7559,-2064
0,0,2,233,7574,-2052
0,0,2,234,7529,-2015
0,0,2,235,7565,-1998
0,0,2,236,7470,-1987
0,0,2,237,7606,-2006
0,0,2,238,7443,-1954
0,0,2,239,7563,-1978
0,0,2,240,7527,-1953
0,0,2,241,7466,-1919
0,0,2,242,7563,-1956
0,0,2,243,7465,-1896
0,0,2,244,7561,-1904
0,0,2,245,7439,-1862
0,0,2,246,7515,-1866
0,0,2,247,7435,-1840
0,0,2,248,7490,-1851
0,0,2,249,7487,-1845
0,0,2,250,7417,-1801
0,0,2,251,7551,-1832
0,0,2,252,7360,-1752
0,0,2,253,7480,-1768
0,0,2,254,7408,-1745
0,0,2,255,7413,-1721
0,0,2,256,7427,-1724
0,0,2,257,7385,-1687
0,0,2,258,7452,-1699
0,0,2,259,7335,-1663
0,0,2,260,7460,-1674
0,0,2,261,7295,-1632
0,0,2,262,7406,-1656
0,0,2,263,7377,-1628
0,0,2,264,7301,-1571
0,0,2,265,7404,-1588
0,0,2,266,7285,-1537
0,0,2,267,7395,-1575
0,0,2,268,7305,-1565
0,0,2,269,7381,-1563
0,0,2,270,7304,-1537
0,0,2,271,7330,-1504
0,0,2,272,7337,-1500
0,0,2,273,7250,-1467
0,0,2,274,7415,-1507
0,0,2,275,7244,-1458
0,0,2,276,7334,-1452
0,0,2,277,7287,-1447
0,0,2,278,7285,-1419
0,0,2,279,7283,-1400
0,0,2,280,7249,-1391
0,0,2,281,7330,-1396
0,0,2,282,7222,-1374
0,0,2,283,7323,-1369
0,0,2,284,7166,-1297
0,0,2,285,7246,-1306
0,0,2,286,7251,-1300
0,0,2,287,7179,-1276
0,0,2,288,7289,-1292
0,0,2,289,7178,-1246
0,0,2,290,7259,-1248
0,0,2,291,7160,-1206
0,0,2,292,7204,-1199
0,0,2,293,7164,-1197
0,0,2,294,7185,-1196
0,0,2,295,7233,-1205
0,0,2,296,7090,-1125
0,0,2,297,7278,-1181
0,0,2,298,7063,-1106
0,0,2,299,7139,-1106
0,0,2,300,7121,-1106
0,0,2,301,7107,-1095
0,0,2,302,7135,-1069
0,0,2,303,7069,-1045
0,0,2,304,7165,-1059
0,0,2,305,7011,-995
0,0,2,306,7108,-985
0,0,2,307,6957,-943
0,0,2,308,7010,-969
0,0,2,309,7073,-998
0,0,2,310,6982,-953
0,0,2,311,7108,-964
0,0,2,312,6985,-940
0,0,2,313,7036,-913
0,0,2,314,6946,-891
0,0,2,315,6980,-868
0,0,2,316,6967,-885
0,0,2,317,6945,-872
0,0,2,318,7000,-854
0,0,2,319,6851,-813
0,0,2,320,6989,-809
0,0,2,321,6835,-775
0,0,2,322,6891,-785
0,0,2,323,6886,-794
0,0,2,324,6851,-779
0,0,2,325,6912,-776
0,0,2,326,6844,-751
0,0,2,327,6939,-767
0,0,2,328,6799,-736
0,0,2,329,6901,-732
0,0,2,330,6798,-716
0,0,2,331,6801,-701
0,0,2,332,6871,-695
0,0,2,333,6759,-655
0,0,2,334,6877,-651
0,0,2,335,6784,-645
0,0,2,336,6824,-646
0,0,2,337,6753,-616
0,0,2,338,6766,-594
0,0,2,339,6743,-580
0,0,2,340,6713,-580
0,0,2,341,6819,-584
0,0,2,342,6652,-543
0,0,2,343,6801,-554
0,0,2,344,6650,-513
0,0,2,345,6677,-486
0,0,2,346,6697,-492
0,0,2,347,6640,-458
0,0,2,348,6713,-460
0,0,2,349,6613,-429
0,0,2,350,6692,-417
0,0,2,351,6571,-418
0,0,2,352,6679,-409
0,0,2,353,6582,-394
0,0,2,354,6547,-370
0,0,2,355,6656,-381
0,0,2,356,6518,-344
0,0,2,357,6629,-348
0,0,2,358,6536,-347
0,0,2,359,6577,-334
0,0,2,360,6507,-311
0,0,2,361,6533,-292
0,0,2,362,6533,-297
0,0,2,363,6477,-285
0,0,2,364,6595,-266
0,0,2,365,6387,-225
0,0,2,366,6535,-228
0,0,2,367,6436,-208
0,0,2,368,6412,-191
0,0,2,369,6456,-199
0,0,2,370,6392,-177
0,0,2,371,6463,-162
0,0,2,372,6347,-141
0,0,2,373,6412,-119
0,0,2,374,6239,-68
0,0,2,375,6314,-53
0,0,2,376,6271,-72
0,0,2,377,6273,-90
0,0,2,378,6374,-68
0,0,2,379,6245,-58
0,0,2,380,6329,-46
0,0,2,381,6220,-39
0,0,2,382,6252,-20
0,0,2,383,6200,-11
0,0,2,384,6183,25
0,0,2,385,6238,-4
0,0,2,386,6147,12
0,0,2,387,6248,45
0,0,2,388,6071,23
0,0,2,389,6181,45
0,0,2,390,6115,57
0,0,2,391,6074,77
0,0,2,392,6096,88
0,0,2,393,6025,90
0,0,2,394,6098,112
0,0,2,395,5990,102
0,0,2,396,6058,129
0,0,2,397,5960,110
0,0,2,398,6032,125
0,0,2,399,5982,122
0,0,2,400,5922,136
0,0,2,401,6042,151
0,0,2,402,5856,144
0,0,2,403,5960,173
0,0,2,404,5880,160
0,0,2,405,5895,191
0,0,2,406,5878,176
0,0,2,407,5845,192
0,0,2,408,5864,206
0,0,2,409,5803,193
0,0,2,410,5895,212
0,0,2,411,5744,199
0,0,2,412,5823,228
0,0,2,413,5790,221
0,0,2,414,5756,219
0,0,2,415,5827,228
0,0,2,416,5764,227
0,0,2,417,5816,244
0,0,2,418,5698,240
0,0,2,419,5799,266
0,0,2,420,5678,252
0,0,2,421,5741,277
0,0,2,422,5718,277
0,0,2,423,5649,284
0,0,2,424,5784,298
0,0,2,425,5622,290
0,0,2,426,5693,308
0,0,2,427,5646,288
0,0,2,428,5685,313
0,0,2,429,5660,309
0,0,2,430,5626,322
0,0,2,431,5683,332
0,0,2,432,5584,325
0,0,2,433,5696,350
0,0,2,434,5536,339
0,0,2,435,5612,364
0,0,2,436,5588,356
0,0,2,437,5538,379
0,0,2,438,5597,389
0,0,2,439,5541,376
0,0,2,440,5593,402
0,0,2,441,5490,400
0,0,2,442,5568,425
0,0,2,443,5469,414
0,0,2,444,5507,438
0,0,2,445,5521,439
0,0,2,446,5440,435
0,0,2,447,5544,443
0,0,2,448,5476,428
0,0,2,449,5511,472
0,0,2,450,5453,450
0,0,2,451,5441,487
0,0,2,452,5433,482
0,0,2,453,5415,495
0,0,2,454,5446,518
0,0,2,455,5338,504
0,0,2,456,5468,527
0,0,2,457,5343,509
0,0,2,458,5383,535
0,0,2,459,5386,537
0,0,2,460,5347,540
0,0,2,461,5398,565
0,0,2,462,5350,549
0,0,2,463,5386,573
0,0,2,464,5297,558
0,0,2,465,5382,591
0,0,2,466,5300,583
0,0,2,467,5325,596
0,0,2,468,5341,614
0,0,2,469,5202,627
0,0,2,470,5325,654
0,0,2,471,5231,647
0,0,2,472,5252,684
0,0,2,473,5219,661
0,0,2,474,5220,683
0,0,2,475,5224,677
0,0,2,476,5181,685
0,0,2,477,5241,711
0,0,2,478,5125,694
0,0,2,479,5248,723
0,0,2,480,5119,697
0,0,2,481,5149,720
0,0,2,482,5165,720
0,0,2,483,5092,744
0,0,2,484,5155,759
0,0,2,485,5090,753
0,0,2,486,5126,785
0,0,2,487,5038,764
0,0,2,488,5087,800
0,0,2,489,5025,796
0,0,2,490,5045,799
0,0,2,491,5090,808
0,0,2,492,4963,798
0,0,2,493,5059,836
0,0,2,494,4955,829
0,0,2,495,4999,844
0,0,2,496,4965,831
0,0,2,497,4951,843
0,0,2,498,4978,846
0,0,2,499,4930,858
0,0,2,500,4993,876
0,0,2,501,4883,859
0,0,2,502,4996,888
0,0,2,503,4878,858
0,0,2,504,4880,895
0,0,2,505,4890,904
0,0,2,506,4820,909
0,0,2,507,4895,927
0,0,2,508,4832,909
0,0,2,509,4878,938
0,0,2,510,4786,927
0,0,2,511,4844,948
1,1,0,0,2364,-643
1,1,0,1,2378,-661
1,1,0,2,2366,-643
1,1,0,3,2389,-659
1,1,0,4,2360,-642
1,1,0,5,2385,-659
1,1,0,6,2374,-621
1,1,0,7,2394,-627
1,1,0,8,2391,-609
1,1,0,9,2396,-588
1,1,0,10,2452,-591
1,1,0,11,2401,-550
1,1,0,12,2447,-569
1,1,0,13,2423,-552
1,1,0,14,2448,-538
1,1,0,15,2441,-529
1,1,0,16,2443,-515
1,1,0,17,2462,-524
1,1,0,18,2443,-486
1,1,0,19,2485,-483
1,1,0,20,2434,-450
1,1,0,21,2486,-469
1,1,0,22,2448,-452
1,1,0,23,2457,-451
1,1,0,24,2491,-447
1,1,0,25,2447,-415
1,1,0,26,2506,-421
1,1,0,27,2476,-399
1,1,0,28,2496,-388
1,1,0,29,2471,-401
1,1,0,30,2481,-387
1,1,0,31,2491,-384
1,1,0,32,2474,-367
1,1,0,33,2516,-363
1,1,0,34,2467,-338
1,1,0,35,2527,-343
1,1,0,36,2476,-315
1,1,0,37,2498,-313
1,1,0,38,2511,-317
1,1,0,39,2488,-311
1,1,0,40,2522,-313
1,1,0,41,2497,-271
1,1,0,42,2533,-280
1,1,0,43,2486,-269
1,1,0,44,2525,-275
1,1,0,45,2503,-257
1,1,0,46,2511,-254
1,1,0,47,2537,-254
1,1,0,48,2490,-225
1,1,0,49,2555,-243
1,1,0,50,2495,-217
1,1,0,51,2525,-215
1,1,0,52,2522,-210
1,1,0,53,2522,-192
1,1,0,54,2529,-190
1,1,0,55,2525,-184
1,1,0,56,2563,-186
1,1,0,57,2499,-182
1,1,0,58,2568,-172
1,1,0,59,2521,-153
1,1,0,60,2545,-150
1,1,0,61,2548,-151
1,1,0,62,2542,-124
1,1,0,63,2576,-128
1,1,0,64,2541,-129
1,1,0,65,2579,-118
1,1,0,66,2541,-102
1,1,0,67,2588,-101
1,1,0,68,2556,-84
1,1,0,69,2569,-80
1,1,0,70,2592,-90
1,1,0,71,2554,-64
1,1,0,72,2608,-77
1,1,0,73,2572,-44
1,1,0,74,2607,-58
1,1,0,75,2588,-37
1,1,0,76,2610,-10
1,1,0,77,2619,-17
1,1,0,78,2589,-11
1,1,0,79,2640,-10
1,1,0,80,2587,25
1,1,0,81,2650,25
1,1,0,82,2595,36
1,1,0,83,2620,46
1,1,0,84,2631,44
1,1,0,85,2617,79
1,1,0,86,2656,57
1,1,0,87,2624,80
1,1,0,88,2665,84
1,1,0,89,2619,97
1,1,0,90,2654,107
1,1,0,91,2626,103
1,1,0,92,2637,118
1,1,0,93,2674,137
1,1,0,94,2606,169
1,1,0,95,2669,165
1,1,0,96,2633,192
1,1,0,97,2656,200
1,1,0,98,2649,199
1,1,0,99,2637,195
1,1,0,100,2669,201
1,1,0,101,2634,221
1,1,0,102,2668,222
1,1,0,103,2624,241
1,1,0,104,2674,261
1,1,0,105,2624,266
1,1,0,106,2640,275
1,1,0,107,2660,299
1,1,0,108,2614,303
1,1,0,109,2665,311
1,1,0,110,2625,338
1,1,0,111,2653,338
1,1,0,112,2620,331
1,1,0,113,2638,359
1,1,0,114,2635,359
1,1,0,115,2621,370
1,1,0,116,2652,388
1,1,0,117,2589,396
1,1,0,118,2648,396
1,1,0,119,2596,401
1,1,0,120,2613,420
1,1,0,121,2623,420
1,1,0,122,2599,436
1,1,0,123,2637,438
1,1,0,124,2601,434
1,1,0,125,2633,448
1,1,0,126,2584,455
1,1,0,127,2633,468
1,1,0,128,2594,475
1,1,0,129,2598,471
1,1,0,130,2629,488
1,1,0,131,2573,477
1,1,0,132,2632,502
1,1,0,133,2599,506
1,1,0,134,2633,519
1,1,0,135,2602,519
1,1,0,136,2611,536
1,1,0,137,2608,542
1,1,0,138,2594,545
1,1,0,139,2646,557
1,1,0,140,2581,544
1,1,0,141,2636,561
1,1,0,142,2600,564
1,1,0,143,2606,578
1,1,0,144,2626,576
1,1,0,145,2602,595
1,1,0,146,2642,591
1,1,0,147,2604,588
1,1,0,148,2650,603
1,1,0,149,2595,611
1,1,0,150,2639,626
1,1,0,151,2618,623
1,1,0,152,2613,627
1,1,0,153,2656,648
1,1,0,154,2606,651
1,1,0,155,2655,675
1,1,0,156,2632,671
1,1,0,157,2656,689
1,1,0,158,2640,690
1,1,0,159,2645,707
1,1,0,160,2659,720
1,1,0,161,2634,717
1,1,0,162,2681,731
1,1,0,163,2626,727
1,1,0,164,2673,726
1,1,0,165,2638,727
1,1,0,166,2642,730
1,1,0,167,2658,747
1,1,0,168,2651,775
1,1,0,169,2680,777
1,1,0,170,2646,772
1,1,0,171,2686,798
1,1,0,172,2648,801
1,1,0,173,2678,816
1,1,0,174,2674,835
1,1,0,175,2656,833
1,1,0,176,2710,836
1,1,0,177,2659,840
1,1,0,178,2699,842
1,1,0,179,2671,850
1,1,0,180,2698,867
1,1,0,181,2685,868
1,1,0,182,2694,865
1,1,0,183,2709,886
1,1,0,184,2682,879
1,1,0,185,2730,900
1,1,0,186,2683,908
1,1,0,187,2721,903
1,1,0,188,2718,936
1,1,0,189,2724,954
1,1,0,190,2739,954
1,1,0,191,2724,966
1,1,0,192,2766,982
1,1,0,193,2722,982
1,1,0,194,2763,1000
1,1,0,195,2727,1014
1,1,0,196,2757,1017
1,1,0,197,2756,1023
1,1,0,198,2734,1016
1,1,0,199,2788,1038
1,1,0,200,2749,1041
1,1,0,201,2793,1079
1,1,0,202,2760,1077
1,1,0,203,2782,1083
1,1,0,204,2774,1090
1,1,0,205,2773,1094
1,1,0,206,2808,1131
1,1,0,207,2776,1142
1,1,0,208,2837,1171
1,1,0,209,2759,1164
1,1,0,210,2797,1179
1,1,0,211,2796,1167
1,1,0,212,2780,1190
1,1,0,213,2823,1234
1,1,0,214,2787,1251
1,1,0,215,2831,1273
1,1,0,216,2776,1281
1,1,0,217,2835,1306
1,1,0,218,2794,1302
1,1,0,219,2808,1327
1,1,0,220,2824,1341
1,1,0,221,2774,1345
1,1,0,222,2837,1357
1,1,0,223,2792,1369
1,1,0,224,2824,1384
1,1,0,225,2797,1380
1,1,0,226,2812,1411
1,1,0,227,2817,1415
1,1,0,228,2804,1410
1,1,0,229,2840,1417
1,1,0,230,2780,1421
1,1,0,231,2842,1470
1,1,0,232,2781,1491
1,1,0,233,2811,1491
1,1,0,234,2810,1510
1,1,0,235,2804,1531
1,1,0,236,2828,1547
1,1,0,237,2788,1560
1,1,0,238,2830,1562
1,1,0,239,2778,1569
1,1,0,240,2822,1634
1,1,0,241,2780,1627
1,1,0,242,2781,1643
1,1,0,243,2812,1673
1,1,0,244,2754,1678
1,1,0,245,2817,1720
1,1,0,246,2781,1715
1,1,0,247,2809,1710
1,1,0,248,2772,1734
1,1,0,249,2797,1727
1,1,0,250,2786,1749
1,1,0,251,2772,1737
1,1,0,252,2824,1765
1,1,0,253,2742,1779
1,1,0,254,2817,1809
1,1,0,255,2751,1834
1,1,0,256,2764,1842
1,1,0,257,2765,1874
1,1,0,258,2758,1878
1,1,0,259,2785,1900
1,1,0,260,2736,1897
1,1,0,261,2780,1943
1,1,0,262,2732,1933
1,1,0,263,2766,1984
1,1,0,264,2729,1978
1,1,0,265,2721,2000
1,1,0,266,2772,2025
1,1,0,267,2690,2052
1,1,0,268,2750,2072
1,1,0,269,2706,2066
1,1,0,270,2726,2095
1,1,0,271,2710,2064
1,1,0,272,2716,2105
1,1,0,273,2724,2102
1,1,0,274,2684,2109
1,1,0,275,2747,2157
1,1,0,276,2673,2155
1,1,0,277,2721,2186
1,1,0,278,2661,2211
1,1,0,279,2664,2218
1,1,0,280,2704,2242
1,1,0,281,2643,2277
1,1,0,282,2696,2294
1,1,0,283,2640,2285
1,1,0,284,2681,2307
1,1,0,285,2634,2296
1,1,0,286,2669,2327
1,1,0,287,2645,2344
1,1,0,288,2618,2339
1,1,0,289,2672,2397
1,1,0,290,2587,2388
1,1,0,291,2634,2458
1,1,0,292,2593,2445
1,1,0,293,2599,2467
1,1,0,294,2595,2484
1,1,0,295,2584,2488
1,1,0,296,2616,2507
1,1,0,297,2583,2465
1,1,0,298,2614,2530
1,1,0,299,2531,2529
1,1,0,300,2576,2576
1,1,0,301,2544,2586
1,1,0,302,2520,2593
1,1,0,303,2548,2651
1,1,0,304,2515,2620
1,1,0,305,2553,2660
1,1,0,306,2498,2644
1,1,0,307,2525,2697
1,1,0,308,2486,2694
1,1,0,309,2492,2720
1,1,0,310,2488,2721
1,1,0,311,2442,2739
1,1,0,312,2500,2816
1,1,0,313,2400,2795
1,1,0,314,2436,2870
1,1,0,315,2392,2868
1,1,0,316,2411,2870
1,1,0,317,2405,2886
1,1,0,318,2389,2880
1,1,0,319,2422,2897
1,1,0,320,2352,2893
1,1,0,321,2416,2935
1,1,0,322,2327,2909
1,1,0,323,2335,2984
1,1,0,324,2321,2998
1,1,0,325,2286,2997
1,1,0,326,2328,3040
1,1,0,327,2275,3037
1,1,0,328,2308,3078
1,1,0,329,2267,3037
1,1,0,330,2293,3078
1,1,0,331,2246,3072
1,1,0,332,2265,3088
1,1,0,333,2258,3138
1,1,0,334,2186,3117
1,1,0,335,2281,3149
1,1,0,336,2190,3139
1,1,0,337,2212,3204
1,1,0,338,2205,3164
1,1,0,339,2189,3203
1,1,0,340,2207,3208
1,1,0,341,2163,3223
1,1,0,342,2182,3262
1,1,0,343,2101,3272
1,1,0,344,2164,3327
1,1,0,345,2107,3275
1,1,0,346,2103,3320
1,1,0,347,2113,3350
1,1,0,348,2068,3339
1,1,0,349,2120,3359
1,1,0,350,2076,3340
1,1,0,351,2089,3407
1,1,0,352,2030,3399
1,1,0,353,2042,3458
1,1,0,354,2004,3469
1,1,0,355,2013,3461
1,1,0,356,2022,3503
1,1,0,357,1951,3492
1,1,0,358,2007,3563
1,1,0,359,1917,3561
1,1,0,360,1941,3581
1,1,0,361,1931,3577
1,1,0,362,1914,3599
1,1,0,363,1923,3634
1,1,0,364,1896,3620
1,1,0,365,1930,3658
1,1,0,366,1845,3638
1,1,0,367,1889,3693
1,1,0,368,1833,3654
1,1,0,369,1847,3674
1,1,0,370,1867,3723
1,1,0,371,1806,3692
1,1,0,372,1829,3770
1,1,0,373,1791,3743
1,1,0,374,1795,3800
1,1,0,375,1765,3768
1,1,0,376,1780,3794
1,1,0,377,1740,3834
1,1,0,378,1726,3820
1,1,0,379,1745,3869
1,1,0,380,1637,3869
1,1,0,381,1691,3960
1,1,0,382,1608,3908
1,1,0,383,1625,3938
1,1,0,384,1642,3937
1,1,0,385,1587,3955
1,1,0,386,1579,4032
1,1,0,387,1550,3992
1,1,0,388,1575,4041
1,1,0,389,1522,3999
1,1,0,390,1553,4060
1,1,0,391,1509,4024
1,1,0,392,1507,4063
1,1,0,393,1475,4113
1,1,0,394,1431,4048
1,1,0,395,1490,4112
1,1,0,396,1442,4074
1,1,0,397,1453,4133
1,1,0,398,1408,4128
1,1,0,399,1353,4187
1,1,0,400,1357,4189
1,1,0,401,1318,4197
1,1,0,402,1362,4236
1,1,0,403,1287,4188
1,1,0,404,1333,4266
1,1,0,405,1284,4206
1,1,0,406,1292,4229
1,1,0,407,1288,4254
1,1,0,408,1248,4240
1,1,0,409,1256,4316
1,1,0,410,1223,4278
1,1,0,411,1233,4343
1,1,0,412,1199,4276
1,1,0,413,1196,4375
1,1,0,414,1176,4320
1,1,0,415,1183,4328
1,1,0,416,1165,4411
1,1,0,417,1101,4353
1,1,0,418,1139,4438
1,1,0,419,1092,4412
1,1,0,420,1075,4476
1,1,0,421,1056,4466
1,1,0,422,1055,4489
1,1,0,423,1063,4486
1,1,0,424,1035,4475
1,1,0,425,1030,4569
1,1,0,426,952,4514
1,1,0,427,997,4613
1,1,0,428,971,4531
1,1,0,429,974,4544
1,1,0,430,983,4583
1,1,0,431,922,4592
1,1,0,432,933,4657
1,1,0,433,889,4623
1,1,0,434,886,4699
1,1,0,435,873,4622
1,1,0,436,855,4712
1,1,0,437,838,4685
1,1,0,438,812,4706
1,1,0,439,808,4784
1,1,0,440,729,4726
1,1,0,441,770,4809
1,1,0,442,754,4753
1,1,0,443,743,4816
1,1,0,444,709,4810
1,1,0,445,686,4831
1,1,0,446,692,4863
1,1,0,447,631,4836
1,1,0,448,663,4905
1,1,0,449,554,4845
1,1,0,450,580,4952
1,1,0,451,555,4913
1,1,0,452,560,4906
1,1,0,453,536,4961
1,1,0,454,453,4959
1,1,0,455,457,5034
1,1,0,456,424,4978
1,1,0,457,437,5061
1,1,0,458,379,5001
1,1,0,459,404,5052
1,1,0,460,383,5043
1,1,0,461,361,5023
1,1,0,462,364,5115
1,1,0,463,305,5015
1,1,0,464,259,5157
1,1,0,465,260,5081
1,1,0,466,260,5132
1,1,0,467,216,5119
1,1,0,468,188,5146
1,1,0,469,172,5188
1,1,0,470,143,5136
1,1,0,471,120,5246
1,1,0,472,105,5125
1,1,0,473,138,5226
1,1,0,474,102,5166
1,1,0,475,66,5188
1,1,0,476,46,5254
1,1,0,477,7,5223
1,1,0,478,15,5301
1,1,0,479,-14,5226
1,1,0,480,-55,5307
1,1,0,481,-84,5269
1,1,0,482,-77,5313
1,1,0,483,-86,5292
1,1,0,484,-116,5267
1,1,0,485,-83,5366
1,1,0,486,-161,5277
1,1,0,487,-171,5383
1,1,0,488,-174,5325
1,1,0,489,-213,5385
1,1,0,490,-210,5367
1,1,0,491,-226,5352
1,1,0,492,-249,5411
1,1,0,493,-294,5356
1,1,0,494,-325,5478
1,1,0,495,-386,5405
1,1,0,496,-370,5491
1,1,0,497,-415,5441
1,1,0,498,-409,5445
1,1,0,499,-378,5498
1,1,0,500,-394,5421
1,1,0,501,-414,5532
1,1,0,502,-470,5480
1,1,0,503,-476,5556
1,1,0,504,-499,5496
1,1,0,505,-511,5559
1,1,0,506,-528,5549
1,1,0,507,-552,5524
1,1,0,508,-576,5642
1,1,0,509,-612,5527
1,1,0,510,-627,5647
1,1,0,511,-675,5603
1,1,1,0,2374,-661
1,1,1,1,2376,-642
1,1,1,2,2388,-656
1,1,1,3,2366,-630
1,1,1,4,2411,-637
1,1,1,5,2368,-614
1,1,1,6,2405,-635
1,1,1,7,2402,-597
1,1,1,8,2396,-592
1,1,1,9,2423,-611
1,1,1,10,2404,-584
1,1,1,11,2451,-592
1,1,1,12,2425,-557
1,1,1,13,2460,-548
1,1,1,14,2436,-524
1,1,1,15,2452,-523
1,1,1,16,2455,-519
1,1,1,17,2435,-491
1,1,1,18,2478,-521
1,1,1,19,2456,-468
1,1,1,20,2495,-465
1,1,1,21,2460,-466
1,1,1,22,2469,-457
1,1,1,23,2478,-427
1,1,1,24,2479,-424
1,1,1,25,2505,-432
1,1,1,26,2468,-402
1,1,1,27,2528,-410
1,1,1,28,2467,-378
1,1,1,29,2507,-384
1,1,1,30,2502,-372
1,1,1,31,2484,-365
1,1,1,32,2528,-371
1,1,1,33,2493,-346
1,1,1,34,2524,-347
1,1,1,35,2482,-332
1,1,1,36,2519,-333
1,1,1,37,2487,-309
1,1,1,38,2517,-306
1,1,1,39,2512,-289
1,1,1,40,2488,-270
1,1,1,41,2551,-279
1,1,1,42,2490,-257
1,1,1,43,2538,-267
1,1,1,44,2500,-260
1,1,1,45,2520,-263
1,1,1,46,2524,-250
1,1,1,47,2512,-238
1,1,1,48,2544,-239
1,1,1,49,2508,-195
1,1,1,50,2553,-211
1,1,1,51,2509,-188
1,1,1,52,2551,-205
1,1,1,53,2522,-182
1,1,1,54,2522,-168
1,1,1,55,2558,-190
1,1,1,56,2524,-167
1,1,1,57,2573,-171
1,1,1,58,2531,-150
1,1,1,59,2548,-152
1,1,1,60,2534,-151
1,1,1,61,2551,-153
1,1,1,62,2557,-133
1,1,1,63,2540,-118
1,1,1,64,2591,-119
1,1,1,65,2537,-90
1,1,1,66,2595,-91
1,1,1,67,2569,-79
1,1,1,68,2575,-73
1,1,1,69,2593,-69
1,1,1,70,2570,-52
1,1,1,71,2609,-55
1,1,1,72,2580,-44
1,1,1,73,2609,-45
1,1,1,74,2580,-35
1,1,1,75,2615,-18
1,1,1,76,2592,-22
1,1,1,77,2593,4
1,1,1,78,2634,-8
1,1,1,79,2583,9
1,1,1,80,2642,2
1,1,1,81,2606,27
1,1,1,82,2633,45
1,1,1,83,2623,44
1,1,1,84,2621,56
1,1,1,85,2631,55
1,1,1,86,2615,69
1,1,1,87,2665,84
1,1,1,88,2615,98
1,1,1,89,2666,119
1,1,1,90,2626,139
1,1,1,91,2649,134
1,1,1,92,2648,140
1,1,1,93,2621,161
1,1,1,94,2678,164
1,1,1,95,2638,193
1,1,1,96,2669,191
1,1,1,97,2634,211
1,1,1,98,2652,210
1,1,1,99,2644,196
1,1,1,100,2640,211
1,1,1,101,2659,223
1,1,1,102,2616,254
1,1,1,103,2688,262
1,1,1,104,2615,259
1,1,1,105,2649,263
1,1,1,106,2637,279
1,1,1,107,2641,291
1,1,1,108,2658,300
1,1,1,109,2626,335
1,1,1,110,2672,346
1,1,1,111,2611,348
1,1,1,112,2666,344
1,1,1,113,2604,370
1,1,1,114,2635,368
1,1,1,115,2636,379
1,1,1,116,2590,388
1,1,1,117,2652,407
1,1,1,118,2600,422
1,1,1,119,2644,432
1,1,1,120,2597,429
1,1,1,121,2622,430
1,1,1,122,2616,437
1,1,1,123,2605,447
1,1,1,124,2625,472
1,1,1,125,2576,465
1,1,1,126,2655,465
1,1,1,127,2581,473
1,1,1,128,2620,472
1,1,1,129,2601,483
1,1,1,130,2589,505
1,1,1,131,2618,508
1,1,1,132,2597,509
1,1,1,133,2636,500
1,1,1,134,2588,510
1,1,1,135,2627,527
1,1,1,136,2583,539
1,1,1,137,2611,547
1,1,1,138,2620,554
1,1,1,139,2581,561
1,1,1,140,2640,571
1,1,1,141,2595,560
1,1,1,142,2633,576
1,1,1,143,2604,576
1,1,1,144,2616,585
1,1,1,145,2614,596
1,1,1,146,2620,603
1,1,1,147,2642,614
1,1,1,148,2597,619
1,1,1,149,2653,646
1,1,1,150,2596,637
1,1,1,151,2631,649
1,1,1,152,2628,649
1,1,1,153,2622,663
1,1,1,154,2648,675
1,1,1,155,2621,687
1,1,1,156,2653,681
1,1,1,157,2608,678
1,1,1,158,2658,690
1,1,1,159,2622,699
1,1,1,160,2639,706
1,1,1,161,2651,714
1,1,1,162,2620,721
1,1,1,163,2676,731
1,1,1,164,2621,736
1,1,1,165,2661,757
1,1,1,166,2645,763
1,1,1,167,2657,770
1,1,1,168,2661,772
1,1,1,169,2652,780
1,1,1,170,2681,796
1,1,1,171,2640,790
1,1,1,172,2694,808
1,1,1,173,2633,808
1,1,1,174,2683,836
1,1,1,175,2666,849
1,1,1,176,2655,843
1,1,1,177,2707,858
1,1,1,178,2660,845
1,1,1,179,2708,858
1,1,1,180,2669,865
1,1,1,181,2686,877
1,1,1,182,2679,873
1,1,1,183,2683,876
1,1,1,184,2708,898
1,1,1,185,2677,904
1,1,1,186,2737,935
1,1,1,187,2677,928
1,1,1,188,2721,939
1,1,1,189,2715,941
1,1,1,190,2715,954
1,1,1,191,2733,963
1,1,1,192,2722,981
1,1,1,193,2765,993
1,1,1,194,2727,996
1,1,1,195,2775,1009
1,1,1,196,2732,1019
1,1,1,197,2757,1022
1,1,1,198,2757,1032
1,1,1,199,2736,1047
1,1,1,200,2782,1056
1,1,1,201,2753,1070
1,1,1,202,2786,1077
1,1,1,203,2761,1078
1,1,1,204,2794,1122
1,1,1,205,2782,1118
1,1,1,206,2778,1140
1,1,1,207,2794,1133
1,1,1,208,2764,1126
1,1,1,209,2832,1190
1,1,1,210,2766,1178
1,1,1,211,2819,1218
1,1,1,212,2793,1237
1,1,1,213,2778,1224
1,1,1,214,2818,1247
1,1,1,215,2803,1263
1,1,1,216,2837,1280
1,1,1,217,2784,1269
1,1,1,218,2837,1271
1,1,1,219,2801,1292
1,1,1,220,2823,1313
1,1,1,221,2814,1330
1,1,1,222,2789,1325
1,1,1,223,2845,1347
1,1,1,224,2797,1378
1,1,1,225,2837,1410
1,1,1,226,2801,1407
1,1,1,227,2819,1439
1,1,1,228,2814,1460
1,1,1,229,2806,1470
1,1,1,230,2828,1479
1,1,1,231,2793,1476
1,1,1,232,2854,1502
1,1,1,233,2780,1496
1,1,1,234,2822,1523
1,1,1,235,2807,1513
1,1,1,236,2804,1554
1,1,1,237,2825,1570
1,1,1,238,2805,1589
1,1,1,239,2839,1598
1,1,1,240,2779,1606
1,1,1,241,2827,1653
1,1,1,242,2773,1649
1,1,1,243,2812,1662
1,1,1,244,2806,1639
1,1,1,245,2763,1671
1,1,1,246,2829,1699
1,1,1,247,2781,1718
1,1,1,248,2824,1740
1,1,1,249,2778,1723
1,1,1,250,2797,1735
1,1,1,251,2786,1759
1,1,1,252,2775,1795
1,1,1,253,2799,1830
1,1,1,254,2757,1824
1,1,1,255,2814,1858
1,1,1,256,2725,1877
1,1,1,257,2772,1902
1,1,1,258,2764,1896
1,1,1,259,2753,1896
1,1,1,260,2779,1920
1,1,1,261,2742,1935
1,1,1,262,2779,1951
1,1,1,263,2728,1967
1,1,1,264,2771,2002
1,1,1,265,2714,1984
1,1,1,266,2742,2013
1,1,1,267,2750,2053
1,1,1,268,2705,2036
1,1,1,269,2769,2046
1,1,1,270,2711,2060
1,1,1,271,2740,2082
1,1,1,272,2715,2093
1,1,1,273,2721,2150
1,1,1,274,2718,2160
1,1,1,275,2702,2146
1,1,1,276,2725,2181
1,1,1,277,2658,2194
1,1,1,278,2727,2248
1,1,1,279,2654,2217
1,1,1,280,2682,2244
1,1,1,281,2681,2252
1,1,1,282,2651,2294
1,1,1,283,2684,2284
1,1,1,284,2656,2279
1,1,1,285,2698,2310
1,1,1,286,2628,2325
1,1,1,287,2665,2376
1,1,1,288,2611,2372
1,1,1,289,2619,2394
1,1,1,290,2660,2415
1,1,1,291,2581,2394
1,1,1,292,2648,2424
1,1,1,293,2594,2419
1,1,1,294,2624,2482
1,1,1,295,2591,2454
1,1,1,296,2604,2500
1,1,1,297,2598,2514
1,1,1,298,2572,2540
1,1,1,299,2610,2557
1,1,1,300,2522,2553
1,1,1,301,2570,2622
1,1,1,302,2521,2626
1,1,1,303,2525,2645
1,1,1,304,2519,2646
1,1,1,305,2510,2667
1,1,1,306,2523,2701
1,1,1,307,2461,2713
1,1,1,308,2538,2750
1,1,1,309,2455,2710
1,1,1,310,2505,2744
1,1,1,311,2473,2744
1,1,1,312,2448,2758
1,1,1,313,2465,2816
1,1,1,314,2412,2834
1,1,1,315,2430,2888
1,1,1,316,2386,2854
1,1,1,317,2414,2893
1,1,1,318,2370,2879
1,1,1,319,2390,2911
1,1,1,320,2384,2928
1,1,1,321,2331,2921
1,1,1,322,2415,2958
1,1,1,323,2328,2923
1,1,1,324,2349,2995
1,1,1,325,2329,2980
1,1,1,326,2314,3026
1,1,1,327,2306,3033
1,1,1,328,2291,3037
1,1,1,329,2311,3064
1,1,1,330,2246,3057
1,1,1,331,2294,3132
1,1,1,332,2225,3088
1,1,1,333,2245,3139
1,1,1,334,2235,3146
1,1,1,335,2194,3141
1,1,1,336,2239,3177
1,1,1,337,2207,3156
1,1,1,338,2222,3215
1,1,1,339,2164,3206
1,1,1,340,2198,3237
1,1,1,341,2144,3224
1,1,1,342,2162,3252
1,1,1,343,2150,3299
1,1,1,344,2115,3251
1,1,1,345,2185,3298
1,1,1,346,2112,3295
1,1,1,347,2118,3358
1,1,1,348,2078,3356
1,1,1,349,2071,3378
1,1,1,350,2074,3398
1,1,1,351,2049,3413
1,1,1,352,2069,3444
1,1,1,353,2023,3400
1,1,1,354,2079,3473
1,1,1,355,1999,3437
1,1,1,356,1995,3502
1,1,1,357,2010,3512
1,1,1,358,1955,3522
1,1,1,359,1996,3566
1,1,1,360,1934,3568
1,1,1,361,1968,3593
1,1,1,362,1926,3551
1,1,1,363,1921,3650
1,1,1,364,1885,3639
1,1,1,365,1892,3663
1,1,1,366,1918,3659
1,1,1,367,1859,3623
1,1,1,368,1920,3691
1,1,1,369,1813,3700
1,1,1,370,1850,3732
1,1,1,371,1837,3716
1,1,1,372,1818,3726
1,1,1,373,1813,3776
1,1,1,374,1756,3798
1,1,1,375,1771,3852
1,1,1,376,1700,3815
1,1,1,377,1765,3871
1,1,1,378,1697,3816
1,1,1,379,1704,3860
1,1,1,380,1703,3902
1,1,1,381,1658,3873
1,1,1,382,1685,3954
1,1,1,383,1625,3923
1,1,1,384,1648,3978
1,1,1,385,1608,3948
1,1,1,386,1599,4011
1,1,1,387,1556,3996
1,1,1,388,1552,4002
1,1,1,389,1571,4040
1,1,1,390,1512,3999
1,1,1,391,1565,4088
1,1,1,392,1489,4048
1,1,1,393,1524,4071
1,1,1,394,1515,4047
1,1,1,395,1454,4080
1,1,1,396,1440,4133
1,1,1,397,1379,4141
1,1,1,398,1402,4200
1,1,1,399,1343,4154
1,1,1,400,1374,4238
1,1,1,401,1321,4170
1,1,1,402,1329,4193
1,1,1,403,1338,4248
1,1,1,404,1265,4228
1,1,1,405,1310,4280
1,1,1,406,1296,4211
1,1,1,407,1300,4267
1,1,1,408,1261,4243
1,1,1,409,1262,4290
1,1,1,410,1241,4285
1,1,1,411,1211,4308
1,1,1,412,1214,4366
1,1,1,413,1166,4306
1,1,1,414,1181,4420
1,1,1,415,1108,4371
1,1,1,416,1133,4398
1,1,1,417,1145,4383
1,1,1,418,1114,4412
1,1,1,419,1110,4459
1,1,1,420,1086,4421
1,1,1,421,1099,4492
1,1,1,422,1065,4423
1,1,1,423,1054,4536
1,1,1,424,1038,4465
1,1,1,425,1020,4513
1,1,1,426,1007,4563
1,1,1,427,969,4511
1,1,1,428,1027,4580
1,1,1,429,947,4547
1,1,1,430,953,4627
1,1,1,431,904,4603
1,1,1,432,913,4635
1,1,1,433,921,4628
1,1,1,434,884,4631
1,1,1,435,883,4698
1,1,1,436,805,4664
1,1,1,437,826,4779
1,1,1,438,755,4694
1,1,1,439,800,4721
1,1,1,440,797,4740
1,1,1,441,724,4775
1,1,1,442,728,4821
1,1,1,443,729,4760
1,1,1,444,721,4843
1,1,1,445,667,4788
1,1,1,446,679,4876
1,1,1,447,625,4833
1,1,1,448,584,4873
1,1,1,449,640,4907
1,1,1,450,572,4862
1,1,1,451,578,4964
1,1,1,452,513,4915
1,1,1,453,527,4954
1,1,1,454,460,4954
1,1,1,455,449,5008
1,1,1,456,460,5000
1,1,1,457,433,4985
1,1,1,458,420,5061
1,1,1,459,372,4980
1,1,1,460,442,5066
1,1,1,461,355,5001
1,1,1,462,361,5039
1,1,1,463,335,5076
1,1,1,464,272,5068
1,1,1,465,304,5142
1,1,1,466,251,5090
1,1,1,467,207,5174
1,1,1,468,173,5106
1,1,1,469,140,5191
1,1,1,470,125,5159
1,1,1,471,108,5158
1,1,1,472,87,5251
1,1,1,473,47,5166
1,1,1,474,76,5265
1,1,1,475,26,5212
1,1,1,476,22,5246
1,1,1,477,2,5234
1,1,1,478,-7,5235
1,1,1,479,-5,5276
1,1,1,480,-31,5244
1,1,1,481,-41,5314
1,1,1,482,-77,5226
1,1,1,483,-73,5338
1,1,1,484,-119,5256
1,1,1,485,-151,5309
1,1,1,486,-138,5353
1,1,1,487,-172,5289
1,1,1,488,-165,5385
1,1,1,489,-216,5333
1,1,1,490,-195,5388
1,1,1,491,-211,5335
1,1,1,492,-261,5392
1,1,1,493,-285,5380
1,1,1,494,-312,5391
1,1,1,495,-321,5472
1,1,1,496,-319,5345
1,1,1,497,-341,5495
1,1,1,498,-404,5427
1,1,1,499,-414,5472
1,1,1,500,-405,5476
1,1,1,501,-438,5464
1,1,1,502,-442,5521
1,1,1,503,-463,5470
1,1,1,504,-467,5546
1,1,1,505,-517,5478
1,1,1,506,-526,5591
1,1,1,507,-550,5512
1,1,1,508,-598,5561
1,1,1,509,-631,5627
1,1,1,510,-668,5554
1,1,1,511,-685,5675
1,1,2,0,2379,-671
1,1,2,1,2343,-640
1,1,2,2,2401,-657
1,1,2,3,2379,-631
1,1,2,4,2399,-625
1,1,2,5,2382,-627
1,1,2,6,2388,-611
1,1,2,7,2411,-606
1,1,2,8,2394,-586
1,1,2,9,2442,-602
1,1,2,10,2392,-569
1,1,2,11,2444,-567
1,1,2,12,2427,-541
1,1,2,13,2436,-532
1,1,2,14,2445,-546
1,1,2,15,2442,-512
1,1,2,16,2482,-512
1,1,2,17,2444,-505
1,1,2,18,2481,-502
1,1,2,19,2446,-486
1,1,2,20,2482,-490
1,1,2,21,2465,-456
1,1,2,22,2457,-427
1,1,2,23,2496,-433
1,1,2,24,2464,-391
1,1,2,25,2509,-403
1,1,2,26,2470,-397
1,1,2,27,2495,-387
1,1,2,28,2474,-381
1,1,2,29,2492,-374
1,1,2,30,2504,-354
1,1,2,31,2483,-345
1,1,2,32,2535,-358
1,1,2,33,2465,-312
1,1,2,34,2516,-325
1,1,2,35,2499,-321
1,1,2,36,2497,-327
1,1,2,37,2505,-337
1,1,2,38,2495,-306
1,1,2,39,2527,-298
1,1,2,40,2488,-289
1,1,2,41,2533,-292
1,1,2,42,2490,-264
1,1,2,43,2527,-271
1,1,2,44,2512,-261
1,1,2,45,2495,-240
1,1,2,46,2539,-257
1,1,2,47,2496,-223
1,1,2,48,2548,-228
1,1,2,49,2516,-200
1,1,2,50,2534,-205
1,1,2,51,2518,-207
1,1,2,52,2531,-193
1,1,2,53,2537,-192
1,1,2,54,2515,-169
1,1,2,55,2561,-170
1,1,2,56,2506,-150
1,1,2,57,2568,-159
1,1,2,58,2520,-138
1,1,2,59,2538,-145
1,1,2,60,2562,-143
1,1,2,61,2525,-130
1,1,2,62,2573,-123
1,1,2,63,2543,-102
1,1,2,64,2587,-95
1,1,2,65,2551,-93
1,1,2,66,2577,-77
1,1,2,67,2568,-84
1,1,2,68,2562,-73
1,1,2,69,2595,-76
1,1,2,70,2544,-68
1,1,2,71,2615,-70
1,1,2,72,2572,-43
1,1,2,73,2598,-34
1,1,2,74,2596,-24
1,1,2,75,2585,3
1,1,2,76,2625,3
1,1,2,77,2595,1
1,1,2,78,2629,9
1,1,2,79,2588,23
1,1,2,80,2624,17
1,1,2,81,2603,35
1,1,2,82,2612,53
1,1,2,83,2638,60
1,1,2,84,2605,86
1,1,2,85,2668,63
1,1,2,86,2606,92
1,1,2,87,2645,68
1,1,2,88,2625,86
1,1,2,89,2638,123
1,1,2,90,2640,115
1,1,2,91,2633,127
1,1,2,92,2661,140
1,1,2,93,2621,154
1,1,2,94,2679,161
1,1,2,95,2608,186
1,1,2,96,2646,186
1,1,2,97,2643,198
1,1,2,98,2618,217
1,1,2,99,2673,234
1,1,2,100,2622,255
1,1,2,101,2663,257
1,1,2,102,2624,269
1,1,2,103,2647,277
1,1,2,104,2629,281
1,1,2,105,2631,291
1,1,2,106,2648,287
1,1,2,107,2619,307
1,1,2,108,2669,310
1,1,2,109,2600,322
1,1,2,110,2647,336
1,1,2,111,2630,353
1,1,2,112,2624,353
1,1,2,113,2647,339
1,1,2,114,2615,376
1,1,2,115,2651,391
1,1,2,116,2595,407
1,1,2,117,2635,432
1,1,2,118,2590,426
1,1,2,119,2625,427
1,1,2,120,2615,437
1,1,2,121,2595,445
1,1,2,122,2654,438
1,1,2,123,2573,460
1,1,2,124,2623,475
1,1,2,125,2598,464
1,1,2,126,2610,472
1,1,2,127,2605,469
1,1,2,128,2605,494
1,1,2,129,2621,496
1,1,2,130,2582,505
1,1,2,131,2635,519
1,1,2,132,2564,517
1,1,2,133,2616,523
1,1,2,134,2601,532
1,1,2,135,2584,537
1,1,2,136,2613,544
1,1,2,137,2587,556
1,1,2,138,2621,560
1,1,2,139,2583,555
1,1,2,140,2613,565
1,1,2,141,2585,575
1,1,2,142,2609,590
1,1,2,143,2604,590
1,1,2,144,2592,589
1,1,2,145,2643,605
1,1,2,146,2581,604
1,1,2,147,2625,611
1,1,2,148,2605,613
1,1,2,149,2618,623
1,1,2,150,2615,627
1,1,2,151,2614,635
1,1,2,152,2633,652
1,1,2,153,2595,661
1,1,2,154,2651,671
1,1,2,155,2594,668
1,1,2,156,2640,683
1,1,2,157,2624,701
1,1,2,158,2609,703
1,1,2,159,2648,711
1,1,2,160,2631,727
1,1,2,161,2658,728
1,1,2,162,2624,728
1,1,2,163,2665,742
1,1,2,164,2626,738
1,1,2,165,2656,739
1,1,2,166,2650,752
1,1,2,167,2628,768
1,1,2,168,2687,773
1,1,2,169,2621,771
1,1,2,170,2678,792
1,1,2,171,2653,806
1,1,2,172,2661,815
1,1,2,173,2671,816
1,1,2,174,2653,816
1,1,2,175,2685,836
1,1,2,176,2647,825
1,1,2,177,2696,847
1,1,2,178,2647,849
1,1,2,179,2695,868
1,1,2,180,2674,872
1,1,2,181,2669,882
1,1,2,182,2702,889
1,1,2,183,2672,881
1,1,2,184,2710,905
1,1,2,185,2687,907
1,1,2,186,2708,916
1,1,2,187,2696,924
1,1,2,188,2715,941
1,1,2,189,2722,948
1,1,2,190,2697,953
1,1,2,191,2768,970
1,1,2,192,2706,974
1,1,2,193,2748,990
1,1,2,194,2724,989
1,1,2,195,2731,998
1,1,2,196,2758,1015
1,1,2,197,2728,1024
1,1,2,198,2764,1024
1,1,2,199,2730,1026
1,1,2,200,2784,1057
1,1,2,201,2742,1071
1,1,2,202,2772,1079
1,1,2,203,2763,1080
1,1,2,204,2753,1105
1,1,2,205,2799,1123
1,1,2,206,2763,1130
1,1,2,207,2810,1156
1,1,2,208,2775,1160
1,1,2,209,2809,1200
1,1,2,210,2789,1191
1,1,2,211,2795,1221
1,1,2,212,2812,1222
1,1,2,213,2772,1231
1,1,2,214,2846,1261
1,1,2,215,2766,1245
1,1,2,216,2807,1275
1,1,2,217,2804,1281
1,1,2,218,2793,1308
1,1,2,219,2824,1308
1,1,2,220,2797,1321
1,1,2,221,2823,1325
1,1,2,222,2789,1317
1,1,2,223,2828,1360
1,1,2,224,2787,1371
1,1,2,225,2815,1404
1,1,2,226,2813,1405
1,1,2,227,2788,1430
1,1,2,228,2851,1436
1,1,2,229,2779,1445
1,1,2,230,2827,1470
1,1,2,231,2795,1475
1,1,2,232,2807,1497
1,1,2,233,2807,1512
1,1,2,234,2798,1537
1,1,2,235,2810,1571
1,1,2,236,2784,1545
1,1,2,237,2838,1584
1,1,2,238,2774,1573
1,1,2,239,2823,1607
1,1,2,240,2802,1606
1,1,2,241,2786,1616
1,1,2,242,2814,1619
1,1,2,243,2783,1655
1,1,2,244,2819,1688
1,1,2,245,2776,1691
1,1,2,246,2807,1708
1,1,2,247,2777,1710
1,1,2,248,2785,1713
1,1,2,249,2790,1724
1,1,2,250,2767,1747
1,1,2,251,2827,1776
1,1,2,252,2740,1788
1,1,2,253,2794,1823
1,1,2,254,2769,1821
1,1,2,255,2775,1856
1,1,2,256,2783,1855
1,1,2,257,2759,1877
1,1,2,258,2786,1898
1,1,2,259,2736,1890
1,1,2,260,2800,1942
1,1,2,261,2722,1914
1,1,2,262,2763,1944
1,1,2,263,2748,1971
1,1,2,264,2716,2001
1,1,2,265,2756,2033
1,1,2,266,2701,2043
1,1,2,267,2752,2042
1,1,2,268,2719,2020
1,1,2,269,2746,2062
1,1,2,270,2714,2052
1,1,2,271,2721,2110
1,1,2,272,2716,2129
1,1,2,273,2678,2115
1,1,2,274,2751,2162
1,1,2,275,2666,2130
1,1,2,276,2708,2191
1,1,2,277,2684,2177
1,1,2,278,2681,2207
1,1,2,279,2686,2228
1,1,2,280,2667,2226
1,1,2,281,2694,2258
1,1,2,282,2648,2235
1,1,2,283,2689,2285
1,1,2,284,2608,2308
1,1,2,285,2643,2348
1,1,2,286,2655,2342
1,1,2,287,2610,2343
1,1,2,288,2662,2379
1,1,2,289,2609,2382
1,1,2,290,2640,2428
1,1,2,291,2589,2430
1,1,2,292,2609,2473
1,1,2,293,2583,2457
1,1,2,294,2597,2459
1,1,2,295,2622,2474
1,1,2,296,2552,2500
1,1,2,297,2639,2520
1,1,2,298,2535,2526
1,1,2,299,2568,2574
1,1,2,300,2551,2554
1,1,2,301,2549,2566
1,1,2,302,2555,2609
1,1,2,303,2524,2610
1,1,2,304,2568,2644
1,1,2,305,2485,2661
1,1,2,306,2520,2741
1,1,2,307,2436,2726
1,1,2,308,2476,2722
1,1,2,309,2501,2716
1,1,2,310,2452,2723
1,1,2,311,2503,2769
1,1,2,312,2449,2753
1,1,2,313,2462,2819
1,1,2,314,2409,2813
1,1,2,315,2417,2856
1,1,2,316,2416,2832
1,1,2,317,2402,2852
1,1,2,318,2401,2914
1,1,2,319,2331,2892
1,1,2,320,2388,2975
1,1,2,321,2303,2970
1,1,2,322,2336,2973
1,1,2,323,2336,2952
1,1,2,324,2309,2977
1,1,2,325,2327,3009
1,1,2,326,2297,3001
1,1,2,327,2340,3029
1,1,2,328,2266,3012
1,1,2,329,2306,3076
1,1,2,330,2254,3040
1,1,2,331,2250,3062
1,1,2,332,2273,3115
1,1,2,333,2207,3122
1,1,2,334,2243,3173
1,1,2,335,2212,3122
1,1,2,336,2230,3153
1,1,2,337,2182,3160
1,1,2,338,2176,3205
1,1,2,339,2169,3216
1,1,2,340,2148,3202
1,1,2,341,2193,3255
1,1,2,342,2112,3231
1,1,2,343,2175,3277
1,1,2,344,2097,3284
1,1,2,345,2100,3321
1,1,2,346,2107,3321
1,1,2,347,2078,3358
1,1,2,348,2098,3388
1,1,2,349,2055,3376
1,1,2,350,2075,3436
1,1,2,351,2020,3389
1,1,2,352,2057,3449
1,1,2,353,2019,3431
1,1,2,354,1994,3440
1,1,2,355,2035,3476
1,1,2,356,1970,3463
1,1,2,357,2017,3531
1,1,2,358,1986,3476
1,1,2,359,1998,3520
1,1,2,360,1948,3524
1,1,2,361,1957,3555
1,1,2,362,1950,3552
1,1,2,363,1926,3548
1,1,2,364,1965,3626
1,1,2,365,1856,3607
1,1,2,366,1921,3681
1,1,2,367,1860,3667
1,1,2,368,1852,3683
1,1,2,369,1867,3694
1,1,2,370,1829,3703
1,1,2,371,1853,3745
1,1,2,372,1789,3731
1,1,2,373,1802,3811
1,1,2,374,1696,3820
1,1,2,375,1722,3878
1,1,2,376,1705,3830
1,1,2,377,1726,3792
1,1,2,378,1751,3866
1,1,2,379,1689,3843
1,1,2,380,1717,3920
1,1,2,381,1652,3882
1,1,2,382,1663,3924
1,1,2,383,1622,3921
1,1,2,384,1600,3977
1,1,2,385,1631,3955
1,1,2,386,1581,3951
1,1,2,387,1614,4038
1,1,2,388,1537,3943
1,1,2,389,1574,4019
1,1,2,390,1538,4018
1,1,2,391,1501,4048
1,1,2,392,1487,4093
1,1,2,393,1458,4061
1,1,2,394,1483,4129
1,1,2,395,1430,4093
1,1,2,396,1438,4171
1,1,2,397,1391,4095
1,1,2,398,1421,4148
1,1,2,399,1391,4133
1,1,2,400,1353,4140
1,1,2,401,1399,4201
1,1,2,402,1306,4156
1,1,2,403,1343,4237
1,1,2,404,1298,4219
1,1,2,405,1283,4275
1,1,2,406,1279,4243
1,1,2,407,1243,4270
1,1,2,408,1224,4325
1,1,2,409,1225,4264
1,1,2,410,1248,4336
1,1,2,411,1174,4274
1,1,2,412,1187,4363
1,1,2,413,1175,4342
1,1,2,414,1156,4332
1,1,2,415,1185,4368
1,1,2,416,1159,4346
1,1,2,417,1161,4413
1,1,2,418,1104,4366
1,1,2,419,1135,4440
1,1,2,420,1059,4403
1,1,2,421,1075,4469
1,1,2,422,1045,4487
1,1,2,423,1020,4456
1,1,2,424,1066,4540
1,1,2,425,972,4493
1,1,2,426,993,4564
1,1,2,427,999,4490
1,1,2,428,983,4581
1,1,2,429,964,4569
1,1,2,430,937,4588
1,1,2,431,965,4610
1,1,2,432,910,4581
1,1,2,433,942,4677
1,1,2,434,846,4615
1,1,2,435,872,4680
1,1,2,436,848,4688
1,1,2,437,789,4721
1,1,2,438,817,4747
1,1,2,439,792,4702
1,1,2,440,788,4777
1,1,2,441,725,4740
1,1,2,442,740,4830
1,1,2,443,667,4798
1,1,2,444,672,4845
1,1,2,445,666,4859
1,1,2,446,631,4803
1,1,2,447,682,4877
1,1,2,448,673,4805
1,1,2,449,623,4920
1,1,2,450,608,4860
1,1,2,451,534,4941
1,1,2,452,517,4954
1,1,2,453,495,4958
1,1,2,454,464,5016
1,1,2,455,419,4945
1,1,2,456,480,5042
1,1,2,457,412,4956
1,1,2,458,408,5027
1,1,2,459,396,5028
1,1,2,460,359,5024
1,1,2,461,347,5092
1,1,2,462,341,5035
1,1,2,463,334,5108
1,1,2,464,292,5043
1,1,2,465,301,5145
1,1,2,466,257,5077
1,1,2,467,259,5121
1,1,2,468,209,5165
1,1,2,469,125,5109
1,1,2,470,154,5221
1,1,2,471,110,5159
1,1,2,472,74,5238
1,1,2,473,72,5194
1,1,2,474,49,5220
1,1,2,475,45,5213
1,1,2,476,24,5200
1,1,2,477,17,5276
1,1,2,478,-27,5205
1,1,2,479,8,5313
1,1,2,480,-41,5202
1,1,2,481,-54,5263
1,1,2,482,-48,5283
1,1,2,483,-116,5268
1,1,2,484,-104,5341
1,1,2,485,-130,5293
1,1,2,486,-162,5387
1,1,2,487,-197,5304
1,1,2,488,-216,5399
1,1,2,489,-243,5348
1,1,2,490,-230,5371
1,1,2,491,-218,5401
1,1,2,492,-288,5338
1,1,2,493,-296,5457
1,1,2,494,-337,5397
1,1,2,495,-343,5447
1,1,2,496,-338,5411
1,1,2,497,-376,5434
1,1,2,498,-374,5454
1,1,2,499,-404,5439
1,1,2,500,-404,5521
1,1,2,501,-446,5438
1,1,2,502,-414,5542
1,1,2,503,-472,5450
1,1,2,504,-508,5510
1,1,2,505,-523,5554
1,1,2,506,-593,5533
1,1,2,507,-567,5596
1,1,2,508,-569,5525
1,1,2,509,-578,5612
1,1,2,510,-634,5556
1,1,2,511,-642,5646
